Flattening unmatched subcell inv in circuit inv_d2 (1)(2 instances)

Class inv_d2 (1):  Merged 2 parallel devices.
Subcircuit summary:
Circuit 1: inv_d2                          |Circuit 2: inv_d2                          
-------------------------------------------|-------------------------------------------
sg13_lv_nmos (1)                           |sg13_lv_nmos (2->1)                        
sg13_lv_pmos (1)                           |sg13_lv_pmos (2->1)                        
Number of devices: 2                       |Number of devices: 2                       
Number of nets: 4                          |Number of nets: 4                          
---------------------------------------------------------------------------------------
NET mismatches: Class fragments follow (with fanout counts):
Circuit 1: inv_d2                          |Circuit 2: inv_d2                          

---------------------------------------------------------------------------------------
Net: VSS                                   |Net: VSS                                   
  sg13_lv_nmos/drain = 1                   |  sg13_lv_nmos/source = 1                  
  sg13_lv_nmos/bulk = 1                    |  sg13_lv_nmos/bulk = 1                    
                                           |                                           
Net: VOUT                                  |Net: VOUT                                  
  sg13_lv_nmos/source = 1                  |  sg13_lv_pmos/drain = 1                   
  sg13_lv_pmos/source = 1                  |  sg13_lv_nmos/drain = 1                   
                                           |                                           
Net: VDD                                   |Net: VDD                                   
  sg13_lv_pmos/drain = 1                   |  sg13_lv_pmos/source = 1                  
  sg13_lv_pmos/bulk = 1                    |  sg13_lv_pmos/bulk = 1                    
---------------------------------------------------------------------------------------
Netlists do not match.
Port matching may fail to disambiguate symmetries.
  Flattening non-matched subcircuits inv_d2 inv_d2

Class inv_d4 (0):  Merged 2 parallel devices.
Class inv_d4 (1):  Merged 2 parallel devices.
Subcircuit summary:
Circuit 1: inv_d4                          |Circuit 2: inv_d4                          
-------------------------------------------|-------------------------------------------
sg13_lv_nmos (2->1)                        |sg13_lv_nmos (4->1)                        
sg13_lv_pmos (2->1)                        |sg13_lv_pmos (4->1)                        
Number of devices: 2                       |Number of devices: 2                       
Number of nets: 4                          |Number of nets: 4                          
---------------------------------------------------------------------------------------
NET mismatches: Class fragments follow (with fanout counts):
Circuit 1: inv_d4                          |Circuit 2: inv_d4                          

---------------------------------------------------------------------------------------
Net: VSS                                   |Net: VSS                                   
  sg13_lv_nmos/drain = 1                   |  sg13_lv_nmos/source = 1                  
  sg13_lv_nmos/bulk = 1                    |  sg13_lv_nmos/bulk = 1                    
                                           |                                           
Net: VOUT                                  |Net: VOUT                                  
  sg13_lv_nmos/source = 1                  |  sg13_lv_pmos/drain = 1                   
  sg13_lv_pmos/source = 1                  |  sg13_lv_nmos/drain = 1                   
                                           |                                           
Net: VDD                                   |Net: VDD                                   
  sg13_lv_pmos/drain = 1                   |  sg13_lv_pmos/source = 1                  
  sg13_lv_pmos/bulk = 1                    |  sg13_lv_pmos/bulk = 1                    
---------------------------------------------------------------------------------------
Netlists do not match.
Port matching may fail to disambiguate symmetries.
  Flattening non-matched subcircuits inv_d4 inv_d4

Class inv_d8 (0):  Merged 2 parallel devices.
Class inv_d8 (1):  Merged 2 parallel devices.
Subcircuit summary:
Circuit 1: inv_d8                          |Circuit 2: inv_d8                          
-------------------------------------------|-------------------------------------------
sg13_lv_nmos (4->1)                        |sg13_lv_nmos (8->1)                        
sg13_lv_pmos (4->1)                        |sg13_lv_pmos (8->1)                        
Number of devices: 2                       |Number of devices: 2                       
Number of nets: 4                          |Number of nets: 4                          
---------------------------------------------------------------------------------------
NET mismatches: Class fragments follow (with fanout counts):
Circuit 1: inv_d8                          |Circuit 2: inv_d8                          

---------------------------------------------------------------------------------------
Net: VSS                                   |Net: VSS                                   
  sg13_lv_nmos/drain = 1                   |  sg13_lv_nmos/source = 1                  
  sg13_lv_nmos/bulk = 1                    |  sg13_lv_nmos/bulk = 1                    
                                           |                                           
Net: VOUT                                  |Net: VOUT                                  
  sg13_lv_nmos/source = 1                  |  sg13_lv_pmos/drain = 1                   
  sg13_lv_pmos/source = 1                  |  sg13_lv_nmos/drain = 1                   
                                           |                                           
Net: VDD                                   |Net: VDD                                   
  sg13_lv_pmos/drain = 1                   |  sg13_lv_pmos/source = 1                  
  sg13_lv_pmos/bulk = 1                    |  sg13_lv_pmos/bulk = 1                    
---------------------------------------------------------------------------------------
Netlists do not match.
Port matching may fail to disambiguate symmetries.
  Flattening non-matched subcircuits inv_d8 inv_d8
Flattening unmatched subcell inv in circuit buff_d8 (1)(1 instance)

Subcircuit summary:
Circuit 1: buff_d8                         |Circuit 2: buff_d8                         
-------------------------------------------|-------------------------------------------
sg13_lv_nmos (8->4)                        |sg13_lv_nmos (15->4)                       
sg13_lv_pmos (8->4)                        |sg13_lv_pmos (15->4)                       
Number of devices: 8                       |Number of devices: 8                       
Number of nets: 7                          |Number of nets: 7                          
---------------------------------------------------------------------------------------
NET mismatches: Class fragments follow (with fanout counts):
Circuit 1: buff_d8                         |Circuit 2: buff_d8                         

---------------------------------------------------------------------------------------
Net: VOUT                                  |Net: VOUT                                  
  sg13_lv_nmos/source = 1                  |  sg13_lv_pmos/drain = 1                   
  sg13_lv_pmos/source = 1                  |  sg13_lv_nmos/drain = 1                   
                                           |                                           
Net: VIN                                   |Net: VIN                                   
  sg13_lv_nmos/gate = 1                    |  sg13_lv_nmos/gate = 1                    
  sg13_lv_pmos/gate = 1                    |  sg13_lv_pmos/gate = 1                    
---------------------------------------------------------------------------------------

---------------------------------------------------------------------------------------
Net: \$3                                   |Net: net3                                  
  sg13_lv_nmos/source = 1                  |  sg13_lv_pmos/drain = 1                   
  sg13_lv_pmos/source = 1                  |  sg13_lv_nmos/drain = 1                   
  sg13_lv_nmos/gate = 1                    |  sg13_lv_pmos/gate = 1                    
  sg13_lv_pmos/gate = 1                    |  sg13_lv_nmos/gate = 1                    
                                           |                                           
Net: \$1                                   |Net: net2                                  
  sg13_lv_nmos/gate = 1                    |  sg13_lv_pmos/drain = 1                   
  sg13_lv_pmos/gate = 1                    |  sg13_lv_nmos/drain = 1                   
  sg13_lv_nmos/source = 1                  |  sg13_lv_pmos/gate = 1                    
  sg13_lv_pmos/source = 1                  |  sg13_lv_nmos/gate = 1                    
                                           |                                           
Net: \$2                                   |Net: net1                                  
  sg13_lv_nmos/source = 1                  |  sg13_lv_pmos/drain = 1                   
  sg13_lv_pmos/source = 1                  |  sg13_lv_nmos/drain = 1                   
  sg13_lv_nmos/gate = 1                    |  sg13_lv_pmos/gate = 1                    
  sg13_lv_pmos/gate = 1                    |  sg13_lv_nmos/gate = 1                    
---------------------------------------------------------------------------------------

---------------------------------------------------------------------------------------
Net: VSS                                   |Net: VSS                                   
  sg13_lv_nmos/drain = 4                   |  sg13_lv_nmos/source = 4                  
  sg13_lv_nmos/bulk = 4                    |  sg13_lv_nmos/bulk = 4                    
                                           |                                           
Net: VDD                                   |Net: VDD                                   
  sg13_lv_pmos/drain = 4                   |  sg13_lv_pmos/source = 4                  
  sg13_lv_pmos/bulk = 4                    |  sg13_lv_pmos/bulk = 4                    
---------------------------------------------------------------------------------------
DEVICE mismatches: Class fragments follow (with node fanout counts):
Circuit 1: buff_d8                         |Circuit 2: buff_d8                         

---------------------------------------------------------------------------------------
Instance: sg13_lv_pmos:$2                  |Instance: inv_d8:10/inv_d4:1[1]/inv_d2:1[1 
  drain = 8                                |  drain = 2                                
  gate = 2                                 |  gate = 4                                 
  source = 4                               |  source = 8                               
  bulk = 8                                 |  bulk = 8                                 
                                           |                                           
Instance: inv_d8:$4/inv_d4:$1/inv_d2:$1/sg |Instance: inv_d4:9/inv_d2:1[1]/inv:1[1]/sg 
  drain = 8                                |  drain = 4                                
  gate = 4                                 |  gate = 4                                 
  source = 2                               |  source = 8                               
  bulk = 8                                 |  bulk = 8                                 
                                           |                                           
Instance: inv_d4:$3/inv_d2:$1/sg13_lv_pmos |Instance: inv_d2:8/inv:1[1]/sg13_lv_pmos:2 
  drain = 8                                |  drain = 4                                
  gate = 4                                 |  gate = 4                                 
  source = 4                               |  source = 8                               
  bulk = 8                                 |  bulk = 8                                 
                                           |                                           
Instance: inv_d2:$1/sg13_lv_pmos:$3        |Instance: inv:7/sg13_lv_pmos:2             
  drain = 8                                |  drain = 4                                
  gate = 4                                 |  gate = 2                                 
  source = 4                               |  source = 8                               
  bulk = 8                                 |  bulk = 8                                 
---------------------------------------------------------------------------------------

---------------------------------------------------------------------------------------
Instance: sg13_lv_nmos:$1                  |Instance: inv_d8:10/inv_d4:1[1]/inv_d2:1[1 
  drain = 8                                |  drain = 2                                
  gate = 2                                 |  gate = 4                                 
  source = 4                               |  source = 8                               
  bulk = 8                                 |  bulk = 8                                 
                                           |                                           
Instance: inv_d8:$4/inv_d4:$1/inv_d2:$1/sg |Instance: inv_d4:9/inv_d2:1[1]/inv:1[1]/sg 
  drain = 8                                |  drain = 4                                
  gate = 4                                 |  gate = 4                                 
  source = 2                               |  source = 8                               
  bulk = 8                                 |  bulk = 8                                 
                                           |                                           
Instance: inv_d4:$3/inv_d2:$1/sg13_lv_nmos |Instance: inv_d2:8/inv:1[1]/sg13_lv_nmos:1 
  drain = 8                                |  drain = 4                                
  gate = 4                                 |  gate = 4                                 
  source = 4                               |  source = 8                               
  bulk = 8                                 |  bulk = 8                                 
                                           |                                           
Instance: inv_d2:$1/sg13_lv_nmos:$1        |Instance: inv:7/sg13_lv_nmos:1             
  drain = 8                                |  drain = 4                                
  gate = 4                                 |  gate = 2                                 
  source = 4                               |  source = 8                               
  bulk = 8                                 |  bulk = 8                                 
---------------------------------------------------------------------------------------
Netlists do not match.
Port matching may fail to disambiguate symmetries.
  Flattening non-matched subcircuits buff_d8 buff_d8

Subcircuit summary:
Circuit 1: flywheel                        |Circuit 2: flywheel                        
-------------------------------------------|-------------------------------------------
sg13_lv_nmos (2)                           |sg13_lv_nmos (4->2)                        
sg13_lv_pmos (2)                           |sg13_lv_pmos (4->2)                        
Number of devices: 4                       |Number of devices: 4                       
Number of nets: 4                          |Number of nets: 4                          
---------------------------------------------------------------------------------------
NET mismatches: Class fragments follow (with fanout counts):
Circuit 1: flywheel                        |Circuit 2: flywheel                        

---------------------------------------------------------------------------------------
Net: VSS                                   |Net: VSS                                   
  sg13_lv_nmos/drain = 2                   |  sg13_lv_nmos/source = 2                  
  sg13_lv_nmos/bulk = 2                    |  sg13_lv_nmos/bulk = 2                    
                                           |                                           
Net: PH0                                   |Net: PH0                                   
  sg13_lv_nmos/gate = 1                    |  sg13_lv_nmos/gate = 1                    
  sg13_lv_pmos/gate = 1                    |  sg13_lv_pmos/gate = 1                    
  sg13_lv_nmos/source = 1                  |  sg13_lv_pmos/drain = 1                   
  sg13_lv_pmos/source = 1                  |  sg13_lv_nmos/drain = 1                   
                                           |                                           
Net: PH1                                   |Net: PH1                                   
  sg13_lv_nmos/source = 1                  |  sg13_lv_pmos/drain = 1                   
  sg13_lv_pmos/source = 1                  |  sg13_lv_nmos/drain = 1                   
  sg13_lv_nmos/gate = 1                    |  sg13_lv_nmos/gate = 1                    
  sg13_lv_pmos/gate = 1                    |  sg13_lv_pmos/gate = 1                    
                                           |                                           
Net: VDD                                   |Net: VDD                                   
  sg13_lv_pmos/drain = 2                   |  sg13_lv_pmos/source = 2                  
  sg13_lv_pmos/bulk = 2                    |  sg13_lv_pmos/bulk = 2                    
---------------------------------------------------------------------------------------
Netlists do not match.
Port matching may fail to disambiguate symmetries.
  Flattening non-matched subcircuits flywheel flywheel

Subcircuit summary:
Circuit 1: psdiff                          |Circuit 2: psdiff                          
-------------------------------------------|-------------------------------------------
sg13_lv_nmos (20->12)                      |sg13_lv_nmos (38->12)                      
sg13_lv_pmos (20->12)                      |sg13_lv_pmos (36->12)                      
Number of devices: 24                      |Number of devices: 24                      
Number of nets: 17                         |Number of nets: 17                         
---------------------------------------------------------------------------------------
NET mismatches: Class fragments follow (with fanout counts):
Circuit 1: psdiff                          |Circuit 2: psdiff                          

---------------------------------------------------------------------------------------
Net: CLKN                                  |Net: CLKN                                  
  sg13_lv_nmos/gate = 1                    |  sg13_lv_nmos/gate = 1                    
                                           |                                           
Net: CLKP                                  |Net: CLKP                                  
  sg13_lv_nmos/gate = 1                    |  sg13_lv_nmos/gate = 1                    
---------------------------------------------------------------------------------------

---------------------------------------------------------------------------------------
Net: VOUTDN                                |Net: VOUTDN                                
  sg13_lv_nmos/source = 1                  |  sg13_lv_pmos/drain = 1                   
  sg13_lv_pmos/source = 1                  |  sg13_lv_nmos/drain = 1                   
                                           |                                           
Net: VOUTDP                                |Net: VOUTDP                                
  sg13_lv_nmos/source = 1                  |  sg13_lv_pmos/drain = 1                   
  sg13_lv_pmos/source = 1                  |  sg13_lv_nmos/drain = 1                   
                                           |                                           
Net: \$58                                  |Net: net4                                  
  sg13_lv_pmos/gate = 1                    |  sg13_lv_nmos/drain = 1                   
  sg13_lv_nmos/source = 1                  |  sg13_lv_pmos/gate = 1                    
                                           |                                           
Net: \$64                                  |Net: net3                                  
  sg13_lv_pmos/gate = 1                    |  sg13_lv_nmos/drain = 1                   
  sg13_lv_nmos/source = 1                  |  sg13_lv_pmos/gate = 1                    
                                           |                                           
Net: CTRL                                  |Net: CTRL                                  
  sg13_lv_nmos/gate = 2                    |  sg13_lv_nmos/gate = 2                    
---------------------------------------------------------------------------------------

---------------------------------------------------------------------------------------
Net: \$7                                   |Net: net2                                  
  sg13_lv_nmos/gate = 1                    |  sg13_lv_nmos/drain = 1                   
  sg13_lv_pmos/gate = 1                    |  sg13_lv_nmos/source = 1                  
  sg13_lv_nmos/source = 1                  |  sg13_lv_pmos/drain = 2                   
  sg13_lv_pmos/source = 2                  |  sg13_lv_pmos/gate = 1                    
  sg13_lv_nmos/drain = 1                   |  sg13_lv_nmos/gate = 1                    
                                           |                                           
Net: \$2                                   |Net: net1                                  
  sg13_lv_nmos/gate = 1                    |  sg13_lv_nmos/drain = 1                   
  sg13_lv_pmos/gate = 1                    |  sg13_lv_nmos/source = 1                  
  sg13_lv_nmos/source = 1                  |  sg13_lv_pmos/drain = 2                   
  sg13_lv_pmos/source = 2                  |  sg13_lv_pmos/gate = 1                    
  sg13_lv_nmos/drain = 1                   |  sg13_lv_nmos/gate = 1                    
---------------------------------------------------------------------------------------

---------------------------------------------------------------------------------------
Net: VDD                                   |Net: VDD                                   
  sg13_lv_pmos/drain = 12                  |  sg13_lv_pmos/source = 12                 
  sg13_lv_pmos/bulk = 12                   |  sg13_lv_pmos/bulk = 12                   
                                           |                                           
Net: VSS                                   |Net: VSS                                   
  sg13_lv_nmos/drain = 10                  |  sg13_lv_nmos/source = 10                 
  sg13_lv_nmos/bulk = 12                   |  sg13_lv_nmos/bulk = 12                   
  sg13_lv_pmos/gate = 2                    |  sg13_lv_pmos/gate = 2                    
---------------------------------------------------------------------------------------

---------------------------------------------------------------------------------------
Net: buff_d8:$4/\$3                        |Net: buff_d8:2/net3                        
  sg13_lv_nmos/source = 1                  |  sg13_lv_pmos/drain = 1                   
  sg13_lv_pmos/source = 1                  |  sg13_lv_nmos/drain = 1                   
  sg13_lv_nmos/gate = 1                    |  sg13_lv_pmos/gate = 1                    
  sg13_lv_pmos/gate = 1                    |  sg13_lv_nmos/gate = 1                    
                                           |                                           
Net: buff_d8:$1/\$3                        |Net: buff_d8:1/net3                        
  sg13_lv_nmos/source = 1                  |  sg13_lv_pmos/drain = 1                   
  sg13_lv_pmos/source = 1                  |  sg13_lv_nmos/drain = 1                   
  sg13_lv_nmos/gate = 1                    |  sg13_lv_pmos/gate = 1                    
  sg13_lv_pmos/gate = 1                    |  sg13_lv_nmos/gate = 1                    
                                           |                                           
Net: buff_d8:$4/\$2                        |Net: buff_d8:2/net2                        
  sg13_lv_nmos/source = 1                  |  sg13_lv_pmos/drain = 1                   
  sg13_lv_pmos/source = 1                  |  sg13_lv_nmos/drain = 1                   
  sg13_lv_nmos/gate = 1                    |  sg13_lv_pmos/gate = 1                    
  sg13_lv_pmos/gate = 1                    |  sg13_lv_nmos/gate = 1                    
                                           |                                           
Net: buff_d8:$1/\$2                        |Net: buff_d8:1/net2                        
  sg13_lv_nmos/source = 1                  |  sg13_lv_pmos/drain = 1                   
  sg13_lv_pmos/source = 1                  |  sg13_lv_nmos/drain = 1                   
  sg13_lv_nmos/gate = 1                    |  sg13_lv_pmos/gate = 1                    
  sg13_lv_pmos/gate = 1                    |  sg13_lv_nmos/gate = 1                    
                                           |                                           
Net: \$I713                                |Net: buff_d8:2/net1                        
  sg13_lv_nmos/gate = 1                    |  sg13_lv_pmos/drain = 1                   
  sg13_lv_pmos/gate = 1                    |  sg13_lv_nmos/drain = 1                   
  sg13_lv_nmos/source = 1                  |  sg13_lv_pmos/gate = 1                    
  sg13_lv_pmos/source = 1                  |  sg13_lv_nmos/gate = 1                    
                                           |                                           
Net: \$I714                                |Net: buff_d8:1/net1                        
  sg13_lv_nmos/gate = 1                    |  sg13_lv_pmos/drain = 1                   
  sg13_lv_pmos/gate = 1                    |  sg13_lv_nmos/drain = 1                   
  sg13_lv_nmos/source = 1                  |  sg13_lv_pmos/gate = 1                    
  sg13_lv_pmos/source = 1                  |  sg13_lv_nmos/gate = 1                    
---------------------------------------------------------------------------------------
DEVICE mismatches: Class fragments follow (with node fanout counts):
Circuit 1: psdiff                          |Circuit 2: psdiff                          

---------------------------------------------------------------------------------------
Instance: sg13_lv_pmos:$111                |Instance: buff_d8:2/inv_d8:10/inv_d4:1[1]/ 
  drain = 24                               |  drain = 2                                
  gate = 2                                 |  gate = 4                                 
  source = 6                               |  source = 24                              
  bulk = 24                                |  bulk = 24                                
                                           |                                           
Instance: sg13_lv_pmos:$101                |Instance: buff_d8:1/inv_d8:10/inv_d4:1[1]/ 
  drain = 24                               |  drain = 2                                
  gate = 2                                 |  gate = 4                                 
  source = 6                               |  source = 24                              
  bulk = 24                                |  bulk = 24                                
                                           |                                           
Instance: sg13_lv_pmos:$71                 |Instance: buff_d8:2/inv_d4:9/inv_d2:1[1]/i 
  drain = 24                               |  drain = 4                                
  gate = 24                                |  gate = 4                                 
  source = 6                               |  source = 24                              
  bulk = 24                                |  bulk = 24                                
                                           |                                           
Instance: sg13_lv_pmos:$61                 |Instance: buff_d8:2/inv_d2:8/inv:1[1]/sg13 
  drain = 24                               |  drain = 4                                
  gate = 24                                |  gate = 4                                 
  source = 6                               |  source = 24                              
  bulk = 24                                |  bulk = 24                                
                                           |                                           
Instance: buff_d8:$4/sg13_lv_pmos:$2       |Instance: buff_d8:1/inv_d4:9/inv_d2:1[1]/i 
  drain = 24                               |  drain = 4                                
  gate = 6                                 |  gate = 4                                 
  source = 4                               |  source = 24                              
  bulk = 24                                |  bulk = 24                                
                                           |                                           
Instance: buff_d8:$1/sg13_lv_pmos:$2       |Instance: buff_d8:1/inv_d2:8/inv:1[1]/sg13 
  drain = 24                               |  drain = 4                                
  gate = 6                                 |  gate = 4                                 
  source = 4                               |  source = 24                              
  bulk = 24                                |  bulk = 24                                
                                           |                                           
Instance: buff_d8:$4/inv_d8:$4/inv_d4:$1/i |Instance: buff_d8:2/inv:7/sg13_lv_pmos:2   
  drain = 24                               |  drain = 4                                
  gate = 4                                 |  gate = 6                                 
  source = 2                               |  source = 24                              
  bulk = 24                                |  bulk = 24                                
                                           |                                           
Instance: buff_d8:$1/inv_d8:$4/inv_d4:$1/i |Instance: buff_d8:1/inv:7/sg13_lv_pmos:2   
  drain = 24                               |  drain = 4                                
  gate = 4                                 |  gate = 6                                 
  source = 2                               |  source = 24                              
  bulk = 24                                |  bulk = 24                                
                                           |                                           
Instance: buff_d8:$4/inv_d4:$3/inv_d2:$1/s |Instance: sg13_lv_pmos:8                   
  drain = 24                               |  drain = 6                                
  gate = 4                                 |  gate = 24                                
  source = 4                               |  source = 24                              
  bulk = 24                                |  bulk = 24                                
                                           |                                           
Instance: buff_d8:$4/inv_d2:$1/sg13_lv_pmo |Instance: sg13_lv_pmos:7                   
  drain = 24                               |  drain = 6                                
  gate = 4                                 |  gate = 24                                
  source = 4                               |  source = 24                              
  bulk = 24                                |  bulk = 24                                
                                           |                                           
Instance: buff_d8:$1/inv_d4:$3/inv_d2:$1/s |Instance: sg13_lv_pmos:5                   
  drain = 24                               |  drain = 6                                
  gate = 4                                 |  gate = 2                                 
  source = 4                               |  source = 24                              
  bulk = 24                                |  bulk = 24                                
                                           |                                           
Instance: buff_d8:$1/inv_d2:$1/sg13_lv_pmo |Instance: sg13_lv_pmos:6                   
  drain = 24                               |  drain = 6                                
  gate = 4                                 |  gate = 2                                 
  source = 4                               |  source = 24                              
  bulk = 24                                |  bulk = 24                                
---------------------------------------------------------------------------------------

---------------------------------------------------------------------------------------
Instance: sg13_lv_nmos:$123                |Instance: buff_d8:2/inv_d8:10/inv_d4:1[1]/ 
  drain = 6                                |  drain = 2                                
  gate = 2                                 |  gate = 4                                 
  source = 2                               |  source = 24                              
  bulk = 24                                |  bulk = 24                                
                                           |                                           
Instance: sg13_lv_nmos:$121                |Instance: buff_d8:1/inv_d8:10/inv_d4:1[1]/ 
  drain = 6                                |  drain = 2                                
  gate = 2                                 |  gate = 4                                 
  source = 2                               |  source = 24                              
  bulk = 24                                |  bulk = 24                                
                                           |                                           
Instance: sg13_lv_nmos:$11                 |Instance: buff_d8:2/inv_d4:9/inv_d2:1[1]/i 
  drain = 24                               |  drain = 4                                
  gate = 1                                 |  gate = 4                                 
  source = 6                               |  source = 24                              
  bulk = 24                                |  bulk = 24                                
                                           |                                           
Instance: sg13_lv_nmos:$1                  |Instance: buff_d8:2/inv_d2:8/inv:1[1]/sg13 
  drain = 24                               |  drain = 4                                
  gate = 1                                 |  gate = 4                                 
  source = 6                               |  source = 24                              
  bulk = 24                                |  bulk = 24                                
                                           |                                           
Instance: buff_d8:$4/sg13_lv_nmos:$1       |Instance: buff_d8:1/inv_d4:9/inv_d2:1[1]/i 
  drain = 24                               |  drain = 4                                
  gate = 6                                 |  gate = 4                                 
  source = 4                               |  source = 24                              
  bulk = 24                                |  bulk = 24                                
                                           |                                           
Instance: buff_d8:$1/sg13_lv_nmos:$1       |Instance: buff_d8:1/inv_d2:8/inv:1[1]/sg13 
  drain = 24                               |  drain = 4                                
  gate = 6                                 |  gate = 4                                 
  source = 4                               |  source = 24                              
  bulk = 24                                |  bulk = 24                                
                                           |                                           
Instance: buff_d8:$4/inv_d8:$4/inv_d4:$1/i |Instance: buff_d8:2/inv:7/sg13_lv_nmos:1   
  drain = 24                               |  drain = 4                                
  gate = 4                                 |  gate = 6                                 
  source = 2                               |  source = 24                              
  bulk = 24                                |  bulk = 24                                
                                           |                                           
Instance: buff_d8:$1/inv_d8:$4/inv_d4:$1/i |Instance: buff_d8:1/inv:7/sg13_lv_nmos:1   
  drain = 24                               |  drain = 4                                
  gate = 4                                 |  gate = 6                                 
  source = 2                               |  source = 24                              
  bulk = 24                                |  bulk = 24                                
                                           |                                           
Instance: buff_d8:$4/inv_d4:$3/inv_d2:$1/s |Instance: sg13_lv_nmos:4                   
  drain = 24                               |  drain = 2                                
  gate = 4                                 |  gate = 2                                 
  source = 4                               |  source = 6                               
  bulk = 24                                |  bulk = 24                                
                                           |                                           
Instance: buff_d8:$4/inv_d2:$1/sg13_lv_nmo |Instance: sg13_lv_nmos:3                   
  drain = 24                               |  drain = 2                                
  gate = 4                                 |  gate = 2                                 
  source = 4                               |  source = 6                               
  bulk = 24                                |  bulk = 24                                
                                           |                                           
Instance: buff_d8:$1/inv_d4:$3/inv_d2:$1/s |Instance: sg13_lv_nmos:2                   
  drain = 24                               |  drain = 6                                
  gate = 4                                 |  gate = 1                                 
  source = 4                               |  source = 24                              
  bulk = 24                                |  bulk = 24                                
                                           |                                           
Instance: buff_d8:$1/inv_d2:$1/sg13_lv_nmo |Instance: sg13_lv_nmos:1                   
  drain = 24                               |  drain = 6                                
  gate = 4                                 |  gate = 1                                 
  source = 4                               |  source = 24                              
  bulk = 24                                |  bulk = 24                                
---------------------------------------------------------------------------------------
Netlists do not match.
Port matching may fail to disambiguate symmetries.
  Flattening non-matched subcircuits psdiff psdiff

Subcircuit summary:
Circuit 1: decap                           |Circuit 2: decap                           
-------------------------------------------|-------------------------------------------
sg13_lv_pmos (2)                           |sg13_lv_pmos (8->2)                        
Number of devices: 2                       |Number of devices: 2                       
Number of nets: 4                          |Number of nets: 4                          
---------------------------------------------------------------------------------------
Resolving symmetries by property value.
Resolving symmetries by pin name.
Netlists match uniquely with property errors.
sg13_lv_pmos:$9 vs. sg13_lv_pmos:10:
Property PD in circuit1 has no matching property in circuit2
sg13_lv_pmos:$9 vs. sg13_lv_pmos:10:
Property PS in circuit1 has no matching property in circuit2
sg13_lv_pmos:$9 vs. sg13_lv_pmos:10:
Property AD in circuit1 has no matching property in circuit2
sg13_lv_pmos:$9 vs. sg13_lv_pmos:10:
Property AS in circuit1 has no matching property in circuit2
 W circuit1: 3.2e-05   circuit2: 8e-06   (delta=120%, cutoff=1%)
 M circuit1: 1   circuit2: 4   (delta=3, cutoff=0)
sg13_lv_pmos:$9 vs. sg13_lv_pmos:10:
Property ng in circuit2 has no matching property in circuit1
sg13_lv_pmos:$1 vs. sg13_lv_pmos:9:
Property PD in circuit1 has no matching property in circuit2
sg13_lv_pmos:$1 vs. sg13_lv_pmos:9:
Property PS in circuit1 has no matching property in circuit2
sg13_lv_pmos:$1 vs. sg13_lv_pmos:9:
Property AD in circuit1 has no matching property in circuit2
sg13_lv_pmos:$1 vs. sg13_lv_pmos:9:
Property AS in circuit1 has no matching property in circuit2
 W circuit1: 3.2e-05   circuit2: 8e-06   (delta=120%, cutoff=1%)
 M circuit1: 1   circuit2: 4   (delta=3, cutoff=0)
sg13_lv_pmos:$1 vs. sg13_lv_pmos:9:
Property ng in circuit2 has no matching property in circuit1

Subcircuit pins:
Circuit 1: decap                           |Circuit 2: decap                           
-------------------------------------------|-------------------------------------------
VDD                                        |VDD                                        
VOUTDP                                     |VOUTDP                                     
VOUTDN                                     |VOUTDN                                     
CTRL                                       |CTRL                                       
---------------------------------------------------------------------------------------
Cell pin lists are equivalent.
Device classes decap and decap are equivalent.

Subcircuit summary:
Circuit 1: 6ph_rosc                        |Circuit 2: 6ph_rosc                        
-------------------------------------------|-------------------------------------------
sg13_lv_nmos (114->66)                     |sg13_lv_nmos (216->66)                     
sg13_lv_pmos (114->66)                     |sg13_lv_pmos (210->66)                     
decap (3)                                  |decap (3)                                  
Number of devices: 135                     |Number of devices: 135                     
Number of nets: 65 **Mismatch**            |Number of nets: 63 **Mismatch**            
---------------------------------------------------------------------------------------
NET mismatches: Class fragments follow (with fanout counts):
Circuit 1: 6ph_rosc                        |Circuit 2: 6ph_rosc                        

---------------------------------------------------------------------------------------
Net: PH0                                   |Net: PH0                                   
  sg13_lv_nmos/source = 2                  |  sg13_lv_nmos/drain = 2                   
  sg13_lv_pmos/source = 2                  |  sg13_lv_pmos/drain = 2                   
  sg13_lv_nmos/gate = 1                    |  sg13_lv_nmos/gate = 1                    
  sg13_lv_pmos/gate = 1                    |  sg13_lv_pmos/gate = 1                    
  decap/VOUTDN = 1                         |  decap/VOUTDN = 1                         
                                           |                                           
Net: PH2                                   |Net: PH2                                   
  sg13_lv_nmos/source = 2                  |  sg13_lv_nmos/drain = 2                   
  sg13_lv_pmos/source = 2                  |  sg13_lv_pmos/drain = 2                   
  sg13_lv_nmos/gate = 1                    |  sg13_lv_nmos/gate = 1                    
  sg13_lv_pmos/gate = 1                    |  sg13_lv_pmos/gate = 1                    
  decap/VOUTDN = 1                         |  decap/VOUTDN = 1                         
                                           |                                           
Net: PH1                                   |Net: PH1                                   
  sg13_lv_nmos/source = 2                  |  sg13_lv_nmos/drain = 2                   
  sg13_lv_pmos/source = 2                  |  sg13_lv_pmos/drain = 2                   
  sg13_lv_nmos/gate = 1                    |  sg13_lv_nmos/gate = 1                    
  sg13_lv_pmos/gate = 1                    |  sg13_lv_pmos/gate = 1                    
  decap/VOUTDN = 1                         |  decap/VOUTDN = 1                         
                                           |                                           
Net: PH3                                   |Net: PH3                                   
  sg13_lv_nmos/gate = 1                    |  sg13_lv_nmos/gate = 1                    
  sg13_lv_pmos/gate = 1                    |  sg13_lv_pmos/gate = 1                    
  sg13_lv_nmos/source = 2                  |  sg13_lv_nmos/drain = 2                   
  sg13_lv_pmos/source = 2                  |  sg13_lv_pmos/drain = 2                   
  decap/VOUTDP = 1                         |  decap/VOUTDP = 1                         
                                           |                                           
Net: PH5                                   |Net: PH5                                   
  sg13_lv_nmos/gate = 1                    |  sg13_lv_nmos/gate = 1                    
  sg13_lv_pmos/gate = 1                    |  sg13_lv_pmos/gate = 1                    
  sg13_lv_nmos/source = 2                  |  sg13_lv_nmos/drain = 2                   
  sg13_lv_pmos/source = 2                  |  sg13_lv_pmos/drain = 2                   
  decap/VOUTDP = 1                         |  decap/VOUTDP = 1                         
                                           |                                           
Net: PH4                                   |Net: PH4                                   
  sg13_lv_nmos/gate = 1                    |  sg13_lv_nmos/gate = 1                    
  sg13_lv_pmos/gate = 1                    |  sg13_lv_pmos/gate = 1                    
  sg13_lv_nmos/source = 2                  |  sg13_lv_nmos/drain = 2                   
  sg13_lv_pmos/source = 2                  |  sg13_lv_pmos/drain = 2                   
  decap/VOUTDP = 1                         |  decap/VOUTDP = 1                         
                                           |                                           
Net: \$2                                   |Net: net1                                  
  sg13_lv_nmos/source = 2                  |  sg13_lv_pmos/drain = 1                   
  sg13_lv_pmos/source = 2                  |  sg13_lv_nmos/drain = 1                   
  sg13_lv_nmos/gate = 2                    |  sg13_lv_nmos/gate = 2                    
  sg13_lv_pmos/gate = 1                    |  sg13_lv_pmos/gate = 1                    
                                           |                                           
Net: \$25                                  |Net: net2                                  
  sg13_lv_nmos/gate = 2                    |  sg13_lv_pmos/drain = 1                   
  sg13_lv_nmos/source = 2                  |  sg13_lv_nmos/drain = 1                   
  sg13_lv_pmos/source = 2                  |  sg13_lv_nmos/gate = 2                    
  sg13_lv_pmos/gate = 1                    |  sg13_lv_pmos/gate = 1                    
                                           |                                           
Net: \$15                                  |Net: net6                                  
  sg13_lv_nmos/gate = 2                    |  sg13_lv_nmos/gate = 2                    
  sg13_lv_nmos/source = 2                  |  sg13_lv_pmos/drain = 1                   
  sg13_lv_pmos/source = 2                  |  sg13_lv_nmos/drain = 1                   
  sg13_lv_pmos/gate = 1                    |  sg13_lv_pmos/gate = 1                    
                                           |                                           
Net: \$28                                  |Net: net5                                  
  sg13_lv_nmos/gate = 2                    |  sg13_lv_nmos/gate = 2                    
  sg13_lv_nmos/source = 1                  |  sg13_lv_pmos/drain = 1                   
  sg13_lv_pmos/source = 1                  |  sg13_lv_nmos/drain = 1                   
  sg13_lv_pmos/gate = 1                    |  sg13_lv_pmos/gate = 1                    
                                           |                                           
Net: \$32                                  |Net: net3                                  
  sg13_lv_nmos/source = 1                  |  sg13_lv_pmos/drain = 1                   
  sg13_lv_pmos/source = 1                  |  sg13_lv_nmos/drain = 1                   
  sg13_lv_nmos/gate = 1                    |  sg13_lv_nmos/gate = 2                    
                                           |  sg13_lv_pmos/gate = 1                    
                                           |                                           
Net: \$24                                  |Net: net4                                  
  sg13_lv_nmos/gate = 1                    |  sg13_lv_pmos/drain = 1                   
  sg13_lv_nmos/source = 1                  |  sg13_lv_nmos/drain = 1                   
  sg13_lv_pmos/source = 1                  |  sg13_lv_nmos/gate = 2                    
                                           |  sg13_lv_pmos/gate = 1                    
                                           |                                           
Net: \$I42                                 |Net: buff_d8:7/net1                        
  sg13_lv_nmos/gate = 1                    |  sg13_lv_pmos/drain = 1                   
  sg13_lv_pmos/gate = 1                    |  sg13_lv_nmos/drain = 1                   
  sg13_lv_nmos/source = 1                  |  sg13_lv_pmos/gate = 1                    
  sg13_lv_pmos/source = 1                  |  sg13_lv_nmos/gate = 1                    
                                           |                                           
Net: \$I41                                 |Net: buff_d8:7/net2                        
  sg13_lv_nmos/gate = 1                    |  sg13_lv_pmos/drain = 1                   
  sg13_lv_pmos/gate = 1                    |  sg13_lv_nmos/drain = 1                   
  sg13_lv_nmos/source = 1                  |  sg13_lv_pmos/gate = 1                    
  sg13_lv_pmos/source = 1                  |  sg13_lv_nmos/gate = 1                    
                                           |                                           
Net: \$I43                                 |Net: buff_d8:7/net3                        
  sg13_lv_nmos/gate = 1                    |  sg13_lv_pmos/drain = 1                   
  sg13_lv_pmos/gate = 1                    |  sg13_lv_nmos/drain = 1                   
  sg13_lv_nmos/source = 1                  |  sg13_lv_pmos/gate = 1                    
  sg13_lv_pmos/source = 1                  |  sg13_lv_nmos/gate = 1                    
                                           |                                           
Net: buff_d8:$7/\$2                        |Net: buff_d8:8/net1                        
  sg13_lv_nmos/source = 1                  |  sg13_lv_pmos/drain = 1                   
  sg13_lv_pmos/source = 1                  |  sg13_lv_nmos/drain = 1                   
  sg13_lv_nmos/gate = 1                    |  sg13_lv_pmos/gate = 1                    
  sg13_lv_pmos/gate = 1                    |  sg13_lv_nmos/gate = 1                    
                                           |                                           
Net: buff_d8:$7/\$3                        |Net: buff_d8:8/net2                        
  sg13_lv_nmos/source = 1                  |  sg13_lv_pmos/drain = 1                   
  sg13_lv_pmos/source = 1                  |  sg13_lv_nmos/drain = 1                   
  sg13_lv_nmos/gate = 1                    |  sg13_lv_pmos/gate = 1                    
  sg13_lv_pmos/gate = 1                    |  sg13_lv_nmos/gate = 1                    
                                           |                                           
Net: buff_d8:$9/\$2                        |Net: buff_d8:8/net3                        
  sg13_lv_nmos/source = 1                  |  sg13_lv_pmos/drain = 1                   
  sg13_lv_pmos/source = 1                  |  sg13_lv_nmos/drain = 1                   
  sg13_lv_nmos/gate = 1                    |  sg13_lv_pmos/gate = 1                    
  sg13_lv_pmos/gate = 1                    |  sg13_lv_nmos/gate = 1                    
                                           |                                           
Net: buff_d8:$9/\$3                        |Net: buff_d8:9/net1                        
  sg13_lv_nmos/source = 1                  |  sg13_lv_pmos/drain = 1                   
  sg13_lv_pmos/source = 1                  |  sg13_lv_nmos/drain = 1                   
  sg13_lv_nmos/gate = 1                    |  sg13_lv_pmos/gate = 1                    
  sg13_lv_pmos/gate = 1                    |  sg13_lv_nmos/gate = 1                    
                                           |                                           
Net: buff_d8:$12/\$2                       |Net: buff_d8:9/net2                        
  sg13_lv_nmos/source = 1                  |  sg13_lv_pmos/drain = 1                   
  sg13_lv_pmos/source = 1                  |  sg13_lv_nmos/drain = 1                   
  sg13_lv_nmos/gate = 1                    |  sg13_lv_pmos/gate = 1                    
  sg13_lv_pmos/gate = 1                    |  sg13_lv_nmos/gate = 1                    
                                           |                                           
Net: buff_d8:$12/\$3                       |Net: buff_d8:9/net3                        
  sg13_lv_nmos/source = 1                  |  sg13_lv_pmos/drain = 1                   
  sg13_lv_pmos/source = 1                  |  sg13_lv_nmos/drain = 1                   
  sg13_lv_nmos/gate = 1                    |  sg13_lv_pmos/gate = 1                    
  sg13_lv_pmos/gate = 1                    |  sg13_lv_nmos/gate = 1                    
                                           |                                           
Net: buff_d8:$13/\$2                       |Net: buff_d8:10/net1                       
  sg13_lv_nmos/source = 1                  |  sg13_lv_pmos/drain = 1                   
  sg13_lv_pmos/source = 1                  |  sg13_lv_nmos/drain = 1                   
  sg13_lv_nmos/gate = 1                    |  sg13_lv_pmos/gate = 1                    
  sg13_lv_pmos/gate = 1                    |  sg13_lv_nmos/gate = 1                    
                                           |                                           
Net: buff_d8:$13/\$3                       |Net: buff_d8:10/net2                       
  sg13_lv_nmos/source = 1                  |  sg13_lv_pmos/drain = 1                   
  sg13_lv_pmos/source = 1                  |  sg13_lv_nmos/drain = 1                   
  sg13_lv_nmos/gate = 1                    |  sg13_lv_pmos/gate = 1                    
  sg13_lv_pmos/gate = 1                    |  sg13_lv_nmos/gate = 1                    
                                           |                                           
Net: buff_d8:$14/\$2                       |Net: buff_d8:10/net3                       
  sg13_lv_nmos/source = 1                  |  sg13_lv_pmos/drain = 1                   
  sg13_lv_pmos/source = 1                  |  sg13_lv_nmos/drain = 1                   
  sg13_lv_nmos/gate = 1                    |  sg13_lv_pmos/gate = 1                    
  sg13_lv_pmos/gate = 1                    |  sg13_lv_nmos/gate = 1                    
                                           |                                           
Net: buff_d8:$14/\$3                       |Net: buff_d8:11/net1                       
  sg13_lv_nmos/source = 1                  |  sg13_lv_pmos/drain = 1                   
  sg13_lv_pmos/source = 1                  |  sg13_lv_nmos/drain = 1                   
  sg13_lv_nmos/gate = 1                    |  sg13_lv_pmos/gate = 1                    
  sg13_lv_pmos/gate = 1                    |  sg13_lv_nmos/gate = 1                    
                                           |                                           
Net: buff_d8:$15/\$2                       |Net: buff_d8:11/net2                       
  sg13_lv_nmos/source = 1                  |  sg13_lv_pmos/drain = 1                   
  sg13_lv_pmos/source = 1                  |  sg13_lv_nmos/drain = 1                   
  sg13_lv_nmos/gate = 1                    |  sg13_lv_pmos/gate = 1                    
  sg13_lv_pmos/gate = 1                    |  sg13_lv_nmos/gate = 1                    
                                           |                                           
Net: buff_d8:$15/\$3                       |Net: buff_d8:11/net3                       
  sg13_lv_nmos/source = 1                  |  sg13_lv_pmos/drain = 1                   
  sg13_lv_pmos/source = 1                  |  sg13_lv_nmos/drain = 1                   
  sg13_lv_nmos/gate = 1                    |  sg13_lv_pmos/gate = 1                    
  sg13_lv_pmos/gate = 1                    |  sg13_lv_nmos/gate = 1                    
                                           |                                           
Net: psdiff:$4/buff_d8:$1/\$2              |Net: buff_d8:12/net1                       
  sg13_lv_nmos/source = 1                  |  sg13_lv_pmos/drain = 1                   
  sg13_lv_pmos/source = 1                  |  sg13_lv_nmos/drain = 1                   
  sg13_lv_nmos/gate = 1                    |  sg13_lv_pmos/gate = 1                    
  sg13_lv_pmos/gate = 1                    |  sg13_lv_nmos/gate = 1                    
                                           |                                           
Net: psdiff:$4/buff_d8:$1/\$3              |Net: buff_d8:12/net2                       
  sg13_lv_nmos/source = 1                  |  sg13_lv_pmos/drain = 1                   
  sg13_lv_pmos/source = 1                  |  sg13_lv_nmos/drain = 1                   
  sg13_lv_nmos/gate = 1                    |  sg13_lv_pmos/gate = 1                    
  sg13_lv_pmos/gate = 1                    |  sg13_lv_nmos/gate = 1                    
                                           |                                           
Net: psdiff:$4/buff_d8:$4/\$2              |Net: buff_d8:12/net3                       
  sg13_lv_nmos/source = 1                  |  sg13_lv_pmos/drain = 1                   
  sg13_lv_pmos/source = 1                  |  sg13_lv_nmos/drain = 1                   
  sg13_lv_nmos/gate = 1                    |  sg13_lv_pmos/gate = 1                    
  sg13_lv_pmos/gate = 1                    |  sg13_lv_nmos/gate = 1                    
                                           |                                           
Net: psdiff:$4/buff_d8:$4/\$3              |Net: psdiff:1/buff_d8:1/net2               
  sg13_lv_nmos/source = 1                  |  sg13_lv_pmos/drain = 1                   
  sg13_lv_pmos/source = 1                  |  sg13_lv_nmos/drain = 1                   
  sg13_lv_nmos/gate = 1                    |  sg13_lv_pmos/gate = 1                    
  sg13_lv_pmos/gate = 1                    |  sg13_lv_nmos/gate = 1                    
                                           |                                           
Net: psdiff:$5/buff_d8:$1/\$2              |Net: psdiff:1/buff_d8:1/net3               
  sg13_lv_nmos/source = 1                  |  sg13_lv_pmos/drain = 1                   
  sg13_lv_pmos/source = 1                  |  sg13_lv_nmos/drain = 1                   
  sg13_lv_nmos/gate = 1                    |  sg13_lv_pmos/gate = 1                    
  sg13_lv_pmos/gate = 1                    |  sg13_lv_nmos/gate = 1                    
                                           |                                           
Net: psdiff:$5/buff_d8:$1/\$3              |Net: psdiff:1/buff_d8:2/net2               
  sg13_lv_nmos/source = 1                  |  sg13_lv_pmos/drain = 1                   
  sg13_lv_pmos/source = 1                  |  sg13_lv_nmos/drain = 1                   
  sg13_lv_nmos/gate = 1                    |  sg13_lv_pmos/gate = 1                    
  sg13_lv_pmos/gate = 1                    |  sg13_lv_nmos/gate = 1                    
                                           |                                           
Net: psdiff:$5/buff_d8:$4/\$2              |Net: psdiff:1/buff_d8:2/net3               
  sg13_lv_nmos/source = 1                  |  sg13_lv_pmos/drain = 1                   
  sg13_lv_pmos/source = 1                  |  sg13_lv_nmos/drain = 1                   
  sg13_lv_nmos/gate = 1                    |  sg13_lv_pmos/gate = 1                    
  sg13_lv_pmos/gate = 1                    |  sg13_lv_nmos/gate = 1                    
                                           |                                           
Net: psdiff:$5/buff_d8:$4/\$3              |Net: psdiff:2/buff_d8:1/net2               
  sg13_lv_nmos/source = 1                  |  sg13_lv_pmos/drain = 1                   
  sg13_lv_pmos/source = 1                  |  sg13_lv_nmos/drain = 1                   
  sg13_lv_nmos/gate = 1                    |  sg13_lv_pmos/gate = 1                    
  sg13_lv_pmos/gate = 1                    |  sg13_lv_nmos/gate = 1                    
                                           |                                           
Net: psdiff:$6/buff_d8:$1/\$2              |Net: psdiff:2/buff_d8:1/net3               
  sg13_lv_nmos/source = 1                  |  sg13_lv_pmos/drain = 1                   
  sg13_lv_pmos/source = 1                  |  sg13_lv_nmos/drain = 1                   
  sg13_lv_nmos/gate = 1                    |  sg13_lv_pmos/gate = 1                    
  sg13_lv_pmos/gate = 1                    |  sg13_lv_nmos/gate = 1                    
                                           |                                           
Net: psdiff:$6/buff_d8:$1/\$3              |Net: psdiff:2/buff_d8:2/net2               
  sg13_lv_nmos/source = 1                  |  sg13_lv_pmos/drain = 1                   
  sg13_lv_pmos/source = 1                  |  sg13_lv_nmos/drain = 1                   
  sg13_lv_nmos/gate = 1                    |  sg13_lv_pmos/gate = 1                    
  sg13_lv_pmos/gate = 1                    |  sg13_lv_nmos/gate = 1                    
                                           |                                           
Net: psdiff:$6/buff_d8:$4/\$2              |Net: psdiff:2/buff_d8:2/net3               
  sg13_lv_nmos/source = 1                  |  sg13_lv_pmos/drain = 1                   
  sg13_lv_pmos/source = 1                  |  sg13_lv_nmos/drain = 1                   
  sg13_lv_nmos/gate = 1                    |  sg13_lv_pmos/gate = 1                    
  sg13_lv_pmos/gate = 1                    |  sg13_lv_nmos/gate = 1                    
                                           |                                           
Net: psdiff:$6/buff_d8:$4/\$3              |Net: psdiff:3/buff_d8:1/net2               
  sg13_lv_nmos/source = 1                  |  sg13_lv_pmos/drain = 1                   
  sg13_lv_pmos/source = 1                  |  sg13_lv_nmos/drain = 1                   
  sg13_lv_nmos/gate = 1                    |  sg13_lv_pmos/gate = 1                    
  sg13_lv_pmos/gate = 1                    |  sg13_lv_nmos/gate = 1                    
                                           |                                           
Net: psdiff:$4/\$I714                      |Net: psdiff:3/buff_d8:1/net3               
  sg13_lv_nmos/gate = 1                    |  sg13_lv_pmos/drain = 1                   
  sg13_lv_pmos/gate = 1                    |  sg13_lv_nmos/drain = 1                   
  sg13_lv_nmos/source = 1                  |  sg13_lv_pmos/gate = 1                    
  sg13_lv_pmos/source = 1                  |  sg13_lv_nmos/gate = 1                    
                                           |                                           
Net: psdiff:$4/\$I713                      |Net: psdiff:3/buff_d8:2/net2               
  sg13_lv_nmos/gate = 1                    |  sg13_lv_pmos/drain = 1                   
  sg13_lv_pmos/gate = 1                    |  sg13_lv_nmos/drain = 1                   
  sg13_lv_nmos/source = 1                  |  sg13_lv_pmos/gate = 1                    
  sg13_lv_pmos/source = 1                  |  sg13_lv_nmos/gate = 1                    
                                           |                                           
Net: psdiff:$5/\$I714                      |Net: psdiff:3/buff_d8:2/net3               
  sg13_lv_nmos/gate = 1                    |  sg13_lv_pmos/drain = 1                   
  sg13_lv_pmos/gate = 1                    |  sg13_lv_nmos/drain = 1                   
  sg13_lv_nmos/source = 1                  |  sg13_lv_pmos/gate = 1                    
  sg13_lv_pmos/source = 1                  |  sg13_lv_nmos/gate = 1                    
                                           |                                           
Net: psdiff:$5/\$I713                      |Net: psdiff:1/buff_d8:1/net1               
  sg13_lv_nmos/gate = 1                    |  sg13_lv_pmos/drain = 1                   
  sg13_lv_pmos/gate = 1                    |  sg13_lv_nmos/drain = 1                   
  sg13_lv_nmos/source = 1                  |  sg13_lv_pmos/gate = 1                    
  sg13_lv_pmos/source = 1                  |  sg13_lv_nmos/gate = 1                    
                                           |                                           
Net: psdiff:$6/\$I714                      |Net: psdiff:1/buff_d8:2/net1               
  sg13_lv_nmos/gate = 1                    |  sg13_lv_pmos/drain = 1                   
  sg13_lv_pmos/gate = 1                    |  sg13_lv_nmos/drain = 1                   
  sg13_lv_nmos/source = 1                  |  sg13_lv_pmos/gate = 1                    
  sg13_lv_pmos/source = 1                  |  sg13_lv_nmos/gate = 1                    
                                           |                                           
Net: psdiff:$6/\$I713                      |Net: psdiff:2/buff_d8:1/net1               
  sg13_lv_nmos/gate = 1                    |  sg13_lv_pmos/drain = 1                   
  sg13_lv_pmos/gate = 1                    |  sg13_lv_nmos/drain = 1                   
  sg13_lv_nmos/source = 1                  |  sg13_lv_pmos/gate = 1                    
  sg13_lv_pmos/source = 1                  |  sg13_lv_nmos/gate = 1                    
                                           |                                           
Net: \$I17                                 |Net: psdiff:2/buff_d8:2/net1               
  sg13_lv_nmos/gate = 1                    |  sg13_lv_pmos/drain = 1                   
  sg13_lv_pmos/gate = 1                    |  sg13_lv_nmos/drain = 1                   
                                           |  sg13_lv_pmos/gate = 1                    
                                           |  sg13_lv_nmos/gate = 1                    
                                           |                                           
Net: \$I18                                 |Net: psdiff:3/buff_d8:1/net1               
  sg13_lv_nmos/gate = 1                    |  sg13_lv_pmos/drain = 1                   
  sg13_lv_pmos/gate = 1                    |  sg13_lv_nmos/drain = 1                   
                                           |  sg13_lv_pmos/gate = 1                    
                                           |  sg13_lv_nmos/gate = 1                    
                                           |                                           
Net: \$I13                                 |Net: psdiff:3/buff_d8:2/net1               
  sg13_lv_nmos/gate = 1                    |  sg13_lv_pmos/drain = 1                   
  sg13_lv_pmos/gate = 1                    |  sg13_lv_nmos/drain = 1                   
                                           |  sg13_lv_pmos/gate = 1                    
                                           |  sg13_lv_nmos/gate = 1                    
                                           |                                           
Net: \$I14                                 |Net: psdiff:1/net3                         
  sg13_lv_nmos/gate = 1                    |  sg13_lv_nmos/drain = 1                   
  sg13_lv_pmos/gate = 1                    |  sg13_lv_pmos/gate = 1                    
                                           |                                           
Net: \$I15                                 |Net: psdiff:1/net4                         
  sg13_lv_nmos/gate = 1                    |  sg13_lv_nmos/drain = 1                   
  sg13_lv_pmos/gate = 1                    |  sg13_lv_pmos/gate = 1                    
                                           |                                           
Net: psdiff:$4/\$58                        |Net: psdiff:2/net3                         
  sg13_lv_pmos/gate = 1                    |  sg13_lv_nmos/drain = 1                   
  sg13_lv_nmos/source = 1                  |  sg13_lv_pmos/gate = 1                    
                                           |                                           
Net: psdiff:$4/\$64                        |Net: psdiff:2/net4                         
  sg13_lv_pmos/gate = 1                    |  sg13_lv_nmos/drain = 1                   
  sg13_lv_nmos/source = 1                  |  sg13_lv_pmos/gate = 1                    
                                           |                                           
Net: psdiff:$5/\$58                        |Net: psdiff:3/net3                         
  sg13_lv_pmos/gate = 1                    |  sg13_lv_nmos/drain = 1                   
  sg13_lv_nmos/source = 1                  |  sg13_lv_pmos/gate = 1                    
                                           |                                           
Net: psdiff:$5/\$64                        |Net: psdiff:3/net4                         
  sg13_lv_pmos/gate = 1                    |  sg13_lv_nmos/drain = 1                   
  sg13_lv_nmos/source = 1                  |  sg13_lv_pmos/gate = 1                    
                                           |                                           
Net: psdiff:$6/\$58                        |(no matching net)                          
  sg13_lv_pmos/gate = 1                    |                                           
  sg13_lv_nmos/source = 1                  |                                           
                                           |                                           
Net: psdiff:$6/\$64                        |(no matching net)                          
  sg13_lv_pmos/gate = 1                    |                                           
  sg13_lv_nmos/source = 1                  |                                           
---------------------------------------------------------------------------------------

---------------------------------------------------------------------------------------
Net: psdiff:$6/\$7                         |Net: psdiff:3/net2                         
  sg13_lv_nmos/gate = 1                    |  sg13_lv_nmos/drain = 1                   
  sg13_lv_pmos/gate = 1                    |  sg13_lv_nmos/source = 1                  
  sg13_lv_nmos/source = 1                  |  sg13_lv_pmos/drain = 2                   
  sg13_lv_pmos/source = 2                  |  sg13_lv_pmos/gate = 1                    
  sg13_lv_nmos/drain = 1                   |  sg13_lv_nmos/gate = 1                    
                                           |                                           
Net: psdiff:$6/\$2                         |Net: psdiff:3/net1                         
  sg13_lv_nmos/gate = 1                    |  sg13_lv_nmos/drain = 1                   
  sg13_lv_pmos/gate = 1                    |  sg13_lv_nmos/source = 1                  
  sg13_lv_nmos/source = 1                  |  sg13_lv_pmos/drain = 2                   
  sg13_lv_pmos/source = 2                  |  sg13_lv_pmos/gate = 1                    
  sg13_lv_nmos/drain = 1                   |  sg13_lv_nmos/gate = 1                    
                                           |                                           
Net: psdiff:$5/\$7                         |Net: psdiff:2/net2                         
  sg13_lv_nmos/gate = 1                    |  sg13_lv_nmos/drain = 1                   
  sg13_lv_pmos/gate = 1                    |  sg13_lv_nmos/source = 1                  
  sg13_lv_nmos/source = 1                  |  sg13_lv_pmos/drain = 2                   
  sg13_lv_pmos/source = 2                  |  sg13_lv_pmos/gate = 1                    
  sg13_lv_nmos/drain = 1                   |  sg13_lv_nmos/gate = 1                    
                                           |                                           
Net: psdiff:$5/\$2                         |Net: psdiff:2/net1                         
  sg13_lv_nmos/gate = 1                    |  sg13_lv_nmos/drain = 1                   
  sg13_lv_pmos/gate = 1                    |  sg13_lv_nmos/source = 1                  
  sg13_lv_nmos/source = 1                  |  sg13_lv_pmos/drain = 2                   
  sg13_lv_pmos/source = 2                  |  sg13_lv_pmos/gate = 1                    
  sg13_lv_nmos/drain = 1                   |  sg13_lv_nmos/gate = 1                    
                                           |                                           
Net: psdiff:$4/\$7                         |Net: psdiff:1/net2                         
  sg13_lv_nmos/gate = 1                    |  sg13_lv_nmos/drain = 1                   
  sg13_lv_pmos/gate = 1                    |  sg13_lv_nmos/source = 1                  
  sg13_lv_nmos/source = 1                  |  sg13_lv_pmos/drain = 2                   
  sg13_lv_pmos/source = 2                  |  sg13_lv_pmos/gate = 1                    
  sg13_lv_nmos/drain = 1                   |  sg13_lv_nmos/gate = 1                    
                                           |                                           
Net: psdiff:$4/\$2                         |Net: psdiff:1/net1                         
  sg13_lv_nmos/gate = 1                    |  sg13_lv_nmos/drain = 1                   
  sg13_lv_pmos/gate = 1                    |  sg13_lv_nmos/source = 1                  
  sg13_lv_nmos/source = 1                  |  sg13_lv_pmos/drain = 2                   
  sg13_lv_pmos/source = 2                  |  sg13_lv_pmos/gate = 1                    
  sg13_lv_nmos/drain = 1                   |  sg13_lv_nmos/gate = 1                    
---------------------------------------------------------------------------------------

---------------------------------------------------------------------------------------
Net: CTRL                                  |Net: CTRL                                  
  sg13_lv_nmos/gate = 6                    |  sg13_lv_nmos/gate = 6                    
  decap/CTRL = 3                           |  decap/CTRL = 3                           
---------------------------------------------------------------------------------------

---------------------------------------------------------------------------------------
Net: VDD                                   |Net: VDD                                   
  sg13_lv_pmos/drain = 66                  |  sg13_lv_pmos/source = 66                 
  sg13_lv_pmos/bulk = 66                   |  sg13_lv_pmos/bulk = 66                   
  decap/VDD = 3                            |  decap/VDD = 3                            
---------------------------------------------------------------------------------------

---------------------------------------------------------------------------------------
Net: VSS                                   |Net: VSS                                   
  sg13_lv_nmos/drain = 60                  |  sg13_lv_nmos/source = 60                 
  sg13_lv_nmos/bulk = 66                   |  sg13_lv_nmos/bulk = 66                   
  sg13_lv_pmos/gate = 6                    |  sg13_lv_pmos/gate = 6                    
---------------------------------------------------------------------------------------
DEVICE mismatches: Class fragments follow (with node fanout counts):
Circuit 1: 6ph_rosc                        |Circuit 2: 6ph_rosc                        

---------------------------------------------------------------------------------------
Instance: buff_d8:$15/sg13_lv_pmos:$2      |Instance: flywheel:13/inv_d2:14/inv:1[1]/s 
  drain = 135                              |  drain = 7                                
  gate = 2                                 |  gate = 7                                 
  source = 7                               |  source = 135                             
  bulk = 135                               |  bulk = 135                               
                                           |                                           
Instance: buff_d8:$15/inv_d8:$4/inv_d4:$1/ |Instance: flywheel:13/inv_d2:13/inv:1[1]/s 
  drain = 135                              |  drain = 7                                
  gate = 4                                 |  gate = 7                                 
  source = 7                               |  source = 135                             
  bulk = 135                               |  bulk = 135                               
                                           |                                           
Instance: buff_d8:$15/inv_d4:$3/inv_d2:$1/ |Instance: flywheel:17/inv_d2:14/inv:1[1]/s 
  drain = 135                              |  drain = 7                                
  gate = 4                                 |  gate = 7                                 
  source = 4                               |  source = 135                             
  bulk = 135                               |  bulk = 135                               
                                           |                                           
Instance: buff_d8:$15/inv_d2:$1/sg13_lv_pm |Instance: flywheel:17/inv_d2:13/inv:1[1]/s 
  drain = 135                              |  drain = 7                                
  gate = 7                                 |  gate = 7                                 
  source = 4                               |  source = 135                             
  bulk = 135                               |  bulk = 135                               
                                           |                                           
Instance: buff_d8:$14/sg13_lv_pmos:$2      |Instance: flywheel:19/inv_d2:14/inv:1[1]/s 
  drain = 135                              |  drain = 7                                
  gate = 2                                 |  gate = 7                                 
  source = 7                               |  source = 135                             
  bulk = 135                               |  bulk = 135                               
                                           |                                           
Instance: buff_d8:$14/inv_d8:$4/inv_d4:$1/ |Instance: flywheel:19/inv_d2:13/inv:1[1]/s 
  drain = 135                              |  drain = 7                                
  gate = 4                                 |  gate = 7                                 
  source = 7                               |  source = 135                             
  bulk = 135                               |  bulk = 135                               
                                           |                                           
Instance: buff_d8:$14/inv_d4:$3/inv_d2:$1/ |Instance: buff_d8:12/inv_d8:10/inv_d4:1[1] 
  drain = 135                              |  drain = 7                                
  gate = 4                                 |  gate = 4                                 
  source = 4                               |  source = 135                             
  bulk = 135                               |  bulk = 135                               
                                           |                                           
Instance: buff_d8:$14/inv_d2:$1/sg13_lv_pm |Instance: buff_d8:12/inv_d4:9/inv_d2:1[1]/ 
  drain = 135                              |  drain = 4                                
  gate = 7                                 |  gate = 4                                 
  source = 4                               |  source = 135                             
  bulk = 135                               |  bulk = 135                               
                                           |                                           
Instance: buff_d8:$13/sg13_lv_pmos:$2      |Instance: buff_d8:12/inv_d2:8/inv:1[1]/sg1 
  drain = 135                              |  drain = 4                                
  gate = 2                                 |  gate = 4                                 
  source = 7                               |  source = 135                             
  bulk = 135                               |  bulk = 135                               
                                           |                                           
Instance: buff_d8:$13/inv_d8:$4/inv_d4:$1/ |Instance: buff_d8:12/inv:7/sg13_lv_pmos:2  
  drain = 135                              |  drain = 4                                
  gate = 4                                 |  gate = 5                                 
  source = 7                               |  source = 135                             
  bulk = 135                               |  bulk = 135                               
                                           |                                           
Instance: buff_d8:$13/inv_d4:$3/inv_d2:$1/ |Instance: buff_d8:11/inv_d8:10/inv_d4:1[1] 
  drain = 135                              |  drain = 7                                
  gate = 4                                 |  gate = 4                                 
  source = 4                               |  source = 135                             
  bulk = 135                               |  bulk = 135                               
                                           |                                           
Instance: buff_d8:$13/inv_d2:$1/sg13_lv_pm |Instance: buff_d8:11/inv_d4:9/inv_d2:1[1]/ 
  drain = 135                              |  drain = 4                                
  gate = 7                                 |  gate = 4                                 
  source = 4                               |  source = 135                             
  bulk = 135                               |  bulk = 135                               
                                           |                                           
Instance: buff_d8:$12/sg13_lv_pmos:$2      |Instance: buff_d8:11/inv_d2:8/inv:1[1]/sg1 
  drain = 135                              |  drain = 4                                
  gate = 2                                 |  gate = 4                                 
  source = 4                               |  source = 135                             
  bulk = 135                               |  bulk = 135                               
                                           |                                           
Instance: buff_d8:$12/inv_d8:$4/inv_d4:$1/ |Instance: buff_d8:11/inv:7/sg13_lv_pmos:2  
  drain = 135                              |  drain = 4                                
  gate = 4                                 |  gate = 5                                 
  source = 7                               |  source = 135                             
  bulk = 135                               |  bulk = 135                               
                                           |                                           
Instance: buff_d8:$12/inv_d4:$3/inv_d2:$1/ |Instance: buff_d8:10/inv_d8:10/inv_d4:1[1] 
  drain = 135                              |  drain = 7                                
  gate = 4                                 |  gate = 4                                 
  source = 4                               |  source = 135                             
  bulk = 135                               |  bulk = 135                               
                                           |                                           
Instance: buff_d8:$12/inv_d2:$1/sg13_lv_pm |Instance: buff_d8:10/inv_d4:9/inv_d2:1[1]/ 
  drain = 135                              |  drain = 4                                
  gate = 4                                 |  gate = 4                                 
  source = 4                               |  source = 135                             
  bulk = 135                               |  bulk = 135                               
                                           |                                           
Instance: buff_d8:$9/sg13_lv_pmos:$2       |Instance: buff_d8:10/inv_d2:8/inv:1[1]/sg1 
  drain = 135                              |  drain = 4                                
  gate = 5                                 |  gate = 4                                 
  source = 4                               |  source = 135                             
  bulk = 135                               |  bulk = 135                               
                                           |                                           
Instance: buff_d8:$9/inv_d8:$4/inv_d4:$1/i |Instance: buff_d8:10/inv:7/sg13_lv_pmos:2  
  drain = 135                              |  drain = 4                                
  gate = 4                                 |  gate = 5                                 
  source = 7                               |  source = 135                             
  bulk = 135                               |  bulk = 135                               
                                           |                                           
Instance: buff_d8:$9/inv_d4:$3/inv_d2:$1/s |Instance: buff_d8:9/inv_d8:10/inv_d4:1[1]/ 
  drain = 135                              |  drain = 7                                
  gate = 4                                 |  gate = 4                                 
  source = 4                               |  source = 135                             
  bulk = 135                               |  bulk = 135                               
                                           |                                           
Instance: buff_d8:$9/inv_d2:$1/sg13_lv_pmo |Instance: buff_d8:9/inv_d4:9/inv_d2:1[1]/i 
  drain = 135                              |  drain = 4                                
  gate = 4                                 |  gate = 4                                 
  source = 4                               |  source = 135                             
  bulk = 135                               |  bulk = 135                               
                                           |                                           
Instance: buff_d8:$7/sg13_lv_pmos:$2       |Instance: buff_d8:9/inv_d2:8/inv:1[1]/sg13 
  drain = 135                              |  drain = 4                                
  gate = 2                                 |  gate = 4                                 
  source = 4                               |  source = 135                             
  bulk = 135                               |  bulk = 135                               
                                           |                                           
Instance: buff_d8:$7/inv_d8:$4/inv_d4:$1/i |Instance: buff_d8:9/inv:7/sg13_lv_pmos:2   
  drain = 135                              |  drain = 4                                
  gate = 4                                 |  gate = 5                                 
  source = 7                               |  source = 135                             
  bulk = 135                               |  bulk = 135                               
                                           |                                           
Instance: buff_d8:$7/inv_d4:$3/inv_d2:$1/s |Instance: buff_d8:8/inv_d8:10/inv_d4:1[1]/ 
  drain = 135                              |  drain = 7                                
  gate = 4                                 |  gate = 4                                 
  source = 4                               |  source = 135                             
  bulk = 135                               |  bulk = 135                               
                                           |                                           
Instance: buff_d8:$7/inv_d2:$1/sg13_lv_pmo |Instance: buff_d8:8/inv_d4:9/inv_d2:1[1]/i 
  drain = 135                              |  drain = 4                                
  gate = 4                                 |  gate = 4                                 
  source = 4                               |  source = 135                             
  bulk = 135                               |  bulk = 135                               
                                           |                                           
Instance: psdiff:$6/buff_d8:$4/inv_d8:$4/i |Instance: buff_d8:8/inv_d2:8/inv:1[1]/sg13 
  drain = 135                              |  drain = 4                                
  gate = 4                                 |  gate = 4                                 
  source = 3                               |  source = 135                             
  bulk = 135                               |  bulk = 135                               
                                           |                                           
Instance: psdiff:$6/buff_d8:$4/inv_d4:$3/i |Instance: buff_d8:8/inv:7/sg13_lv_pmos:2   
  drain = 135                              |  drain = 4                                
  gate = 4                                 |  gate = 5                                 
  source = 4                               |  source = 135                             
  bulk = 135                               |  bulk = 135                               
                                           |                                           
Instance: psdiff:$6/buff_d8:$4/inv_d2:$1/s |Instance: buff_d8:7/inv_d8:10/inv_d4:1[1]/ 
  drain = 135                              |  drain = 7                                
  gate = 4                                 |  gate = 4                                 
  source = 4                               |  source = 135                             
  bulk = 135                               |  bulk = 135                               
                                           |                                           
Instance: psdiff:$6/buff_d8:$1/inv_d8:$4/i |Instance: buff_d8:7/inv_d4:9/inv_d2:1[1]/i 
  drain = 135                              |  drain = 4                                
  gate = 4                                 |  gate = 4                                 
  source = 7                               |  source = 135                             
  bulk = 135                               |  bulk = 135                               
                                           |                                           
Instance: psdiff:$6/buff_d8:$1/inv_d4:$3/i |Instance: buff_d8:7/inv_d2:8/inv:1[1]/sg13 
  drain = 135                              |  drain = 4                                
  gate = 4                                 |  gate = 4                                 
  source = 4                               |  source = 135                             
  bulk = 135                               |  bulk = 135                               
                                           |                                           
Instance: psdiff:$6/buff_d8:$1/inv_d2:$1/s |Instance: buff_d8:7/inv:7/sg13_lv_pmos:2   
  drain = 135                              |  drain = 4                                
  gate = 4                                 |  gate = 5                                 
  source = 4                               |  source = 135                             
  bulk = 135                               |  bulk = 135                               
                                           |                                           
Instance: psdiff:$5/buff_d8:$4/inv_d8:$4/i |Instance: psdiff:3/buff_d8:2/inv_d8:10/inv 
  drain = 135                              |  drain = 5                                
  gate = 4                                 |  gate = 4                                 
  source = 5                               |  source = 135                             
  bulk = 135                               |  bulk = 135                               
                                           |                                           
Instance: psdiff:$5/buff_d8:$4/inv_d4:$3/i |Instance: psdiff:3/buff_d8:2/inv_d4:9/inv_ 
  drain = 135                              |  drain = 4                                
  gate = 4                                 |  gate = 4                                 
  source = 4                               |  source = 135                             
  bulk = 135                               |  bulk = 135                               
                                           |                                           
Instance: psdiff:$5/buff_d8:$4/inv_d2:$1/s |Instance: psdiff:3/buff_d8:2/inv_d2:8/inv: 
  drain = 135                              |  drain = 4                                
  gate = 4                                 |  gate = 4                                 
  source = 4                               |  source = 135                             
  bulk = 135                               |  bulk = 135                               
                                           |                                           
Instance: psdiff:$5/buff_d8:$1/inv_d8:$4/i |Instance: psdiff:3/buff_d8:1/inv_d8:10/inv 
  drain = 135                              |  drain = 5                                
  gate = 4                                 |  gate = 4                                 
  source = 7                               |  source = 135                             
  bulk = 135                               |  bulk = 135                               
                                           |                                           
Instance: psdiff:$5/buff_d8:$1/inv_d4:$3/i |Instance: psdiff:3/buff_d8:1/inv_d4:9/inv_ 
  drain = 135                              |  drain = 4                                
  gate = 4                                 |  gate = 4                                 
  source = 4                               |  source = 135                             
  bulk = 135                               |  bulk = 135                               
                                           |                                           
Instance: psdiff:$5/buff_d8:$1/inv_d2:$1/s |Instance: psdiff:3/buff_d8:1/inv_d2:8/inv: 
  drain = 135                              |  drain = 4                                
  gate = 4                                 |  gate = 4                                 
  source = 4                               |  source = 135                             
  bulk = 135                               |  bulk = 135                               
                                           |                                           
Instance: psdiff:$4/buff_d8:$4/inv_d8:$4/i |Instance: psdiff:2/buff_d8:2/inv_d8:10/inv 
  drain = 135                              |  drain = 5                                
  gate = 4                                 |  gate = 4                                 
  source = 3                               |  source = 135                             
  bulk = 135                               |  bulk = 135                               
                                           |                                           
Instance: psdiff:$4/buff_d8:$4/inv_d4:$3/i |Instance: psdiff:2/buff_d8:2/inv_d4:9/inv_ 
  drain = 135                              |  drain = 4                                
  gate = 4                                 |  gate = 4                                 
  source = 4                               |  source = 135                             
  bulk = 135                               |  bulk = 135                               
                                           |                                           
Instance: psdiff:$4/buff_d8:$4/inv_d2:$1/s |Instance: psdiff:2/buff_d8:2/inv_d2:8/inv: 
  drain = 135                              |  drain = 4                                
  gate = 4                                 |  gate = 4                                 
  source = 4                               |  source = 135                             
  bulk = 135                               |  bulk = 135                               
                                           |                                           
Instance: psdiff:$4/buff_d8:$1/inv_d8:$4/i |Instance: psdiff:2/buff_d8:1/inv_d8:10/inv 
  drain = 135                              |  drain = 5                                
  gate = 4                                 |  gate = 4                                 
  source = 7                               |  source = 135                             
  bulk = 135                               |  bulk = 135                               
                                           |                                           
Instance: psdiff:$4/buff_d8:$1/inv_d4:$3/i |Instance: psdiff:2/buff_d8:1/inv_d4:9/inv_ 
  drain = 135                              |  drain = 4                                
  gate = 4                                 |  gate = 4                                 
  source = 4                               |  source = 135                             
  bulk = 135                               |  bulk = 135                               
                                           |                                           
Instance: psdiff:$4/buff_d8:$1/inv_d2:$1/s |Instance: psdiff:2/buff_d8:1/inv_d2:8/inv: 
  drain = 135                              |  drain = 4                                
  gate = 4                                 |  gate = 4                                 
  source = 4                               |  source = 135                             
  bulk = 135                               |  bulk = 135                               
                                           |                                           
Instance: flywheel:$3/inv_d2:$2/sg13_lv_pm |Instance: psdiff:1/buff_d8:2/inv_d8:10/inv 
  drain = 135                              |  drain = 5                                
  gate = 7                                 |  gate = 4                                 
  source = 7                               |  source = 135                             
  bulk = 135                               |  bulk = 135                               
                                           |                                           
Instance: flywheel:$3/inv_d2:$1/sg13_lv_pm |Instance: psdiff:1/buff_d8:2/inv_d4:9/inv_ 
  drain = 135                              |  drain = 4                                
  gate = 7                                 |  gate = 4                                 
  source = 7                               |  source = 135                             
  bulk = 135                               |  bulk = 135                               
                                           |                                           
Instance: flywheel:$2/inv_d2:$2/sg13_lv_pm |Instance: psdiff:1/buff_d8:2/inv_d2:8/inv: 
  drain = 135                              |  drain = 4                                
  gate = 7                                 |  gate = 4                                 
  source = 7                               |  source = 135                             
  bulk = 135                               |  bulk = 135                               
                                           |                                           
Instance: flywheel:$2/inv_d2:$1/sg13_lv_pm |Instance: psdiff:1/buff_d8:1/inv_d8:10/inv 
  drain = 135                              |  drain = 5                                
  gate = 7                                 |  gate = 4                                 
  source = 7                               |  source = 135                             
  bulk = 135                               |  bulk = 135                               
                                           |                                           
Instance: flywheel:$1/inv_d2:$2/sg13_lv_pm |Instance: psdiff:1/buff_d8:1/inv_d4:9/inv_ 
  drain = 135                              |  drain = 4                                
  gate = 7                                 |  gate = 4                                 
  source = 7                               |  source = 135                             
  bulk = 135                               |  bulk = 135                               
                                           |                                           
Instance: flywheel:$1/inv_d2:$1/sg13_lv_pm |Instance: psdiff:1/buff_d8:1/inv_d2:8/inv: 
  drain = 135                              |  drain = 4                                
  gate = 7                                 |  gate = 4                                 
  source = 7                               |  source = 135                             
  bulk = 135                               |  bulk = 135                               
                                           |                                           
Instance: psdiff:$6/sg13_lv_pmos:$111      |Instance: psdiff:3/buff_d8:2/inv:7/sg13_lv 
  drain = 135                              |  drain = 4                                
  gate = 2                                 |  gate = 6                                 
  source = 6                               |  source = 135                             
  bulk = 135                               |  bulk = 135                               
                                           |                                           
Instance: psdiff:$6/sg13_lv_pmos:$101      |Instance: psdiff:3/buff_d8:1/inv:7/sg13_lv 
  drain = 135                              |  drain = 4                                
  gate = 2                                 |  gate = 6                                 
  source = 6                               |  source = 135                             
  bulk = 135                               |  bulk = 135                               
                                           |                                           
Instance: psdiff:$5/sg13_lv_pmos:$111      |Instance: psdiff:2/buff_d8:2/inv:7/sg13_lv 
  drain = 135                              |  drain = 4                                
  gate = 2                                 |  gate = 6                                 
  source = 6                               |  source = 135                             
  bulk = 135                               |  bulk = 135                               
                                           |                                           
Instance: psdiff:$5/sg13_lv_pmos:$101      |Instance: psdiff:2/buff_d8:1/inv:7/sg13_lv 
  drain = 135                              |  drain = 4                                
  gate = 2                                 |  gate = 6                                 
  source = 6                               |  source = 135                             
  bulk = 135                               |  bulk = 135                               
                                           |                                           
Instance: psdiff:$4/sg13_lv_pmos:$111      |Instance: psdiff:1/buff_d8:2/inv:7/sg13_lv 
  drain = 135                              |  drain = 4                                
  gate = 2                                 |  gate = 6                                 
  source = 6                               |  source = 135                             
  bulk = 135                               |  bulk = 135                               
                                           |                                           
Instance: psdiff:$4/sg13_lv_pmos:$101      |Instance: psdiff:1/buff_d8:1/inv:7/sg13_lv 
  drain = 135                              |  drain = 4                                
  gate = 2                                 |  gate = 6                                 
  source = 6                               |  source = 135                             
  bulk = 135                               |  bulk = 135                               
                                           |                                           
Instance: psdiff:$6/sg13_lv_pmos:$71       |Instance: psdiff:3/sg13_lv_pmos:8          
  drain = 135                              |  drain = 6                                
  gate = 132                               |  gate = 132                               
  source = 6                               |  source = 135                             
  bulk = 135                               |  bulk = 135                               
                                           |                                           
Instance: psdiff:$6/sg13_lv_pmos:$61       |Instance: psdiff:3/sg13_lv_pmos:7          
  drain = 135                              |  drain = 6                                
  gate = 132                               |  gate = 132                               
  source = 6                               |  source = 135                             
  bulk = 135                               |  bulk = 135                               
                                           |                                           
Instance: psdiff:$5/sg13_lv_pmos:$71       |Instance: psdiff:2/sg13_lv_pmos:8          
  drain = 135                              |  drain = 6                                
  gate = 132                               |  gate = 132                               
  source = 6                               |  source = 135                             
  bulk = 135                               |  bulk = 135                               
                                           |                                           
Instance: psdiff:$5/sg13_lv_pmos:$61       |Instance: psdiff:2/sg13_lv_pmos:7          
  drain = 135                              |  drain = 6                                
  gate = 132                               |  gate = 132                               
  source = 6                               |  source = 135                             
  bulk = 135                               |  bulk = 135                               
                                           |                                           
Instance: psdiff:$4/sg13_lv_pmos:$71       |Instance: psdiff:1/sg13_lv_pmos:8          
  drain = 135                              |  drain = 6                                
  gate = 132                               |  gate = 132                               
  source = 6                               |  source = 135                             
  bulk = 135                               |  bulk = 135                               
                                           |                                           
Instance: psdiff:$4/sg13_lv_pmos:$61       |Instance: psdiff:1/sg13_lv_pmos:7          
  drain = 135                              |  drain = 6                                
  gate = 132                               |  gate = 132                               
  source = 6                               |  source = 135                             
  bulk = 135                               |  bulk = 135                               
                                           |                                           
Instance: psdiff:$6/buff_d8:$4/sg13_lv_pmo |Instance: psdiff:3/sg13_lv_pmos:5          
  drain = 135                              |  drain = 6                                
  gate = 6                                 |  gate = 2                                 
  source = 4                               |  source = 135                             
  bulk = 135                               |  bulk = 135                               
                                           |                                           
Instance: psdiff:$6/buff_d8:$1/sg13_lv_pmo |Instance: psdiff:3/sg13_lv_pmos:6          
  drain = 135                              |  drain = 6                                
  gate = 6                                 |  gate = 2                                 
  source = 4                               |  source = 135                             
  bulk = 135                               |  bulk = 135                               
                                           |                                           
Instance: psdiff:$5/buff_d8:$4/sg13_lv_pmo |Instance: psdiff:2/sg13_lv_pmos:5          
  drain = 135                              |  drain = 6                                
  gate = 6                                 |  gate = 2                                 
  source = 4                               |  source = 135                             
  bulk = 135                               |  bulk = 135                               
                                           |                                           
Instance: psdiff:$5/buff_d8:$1/sg13_lv_pmo |Instance: psdiff:2/sg13_lv_pmos:6          
  drain = 135                              |  drain = 6                                
  gate = 6                                 |  gate = 2                                 
  source = 4                               |  source = 135                             
  bulk = 135                               |  bulk = 135                               
                                           |                                           
Instance: psdiff:$4/buff_d8:$4/sg13_lv_pmo |Instance: psdiff:1/sg13_lv_pmos:5          
  drain = 135                              |  drain = 6                                
  gate = 6                                 |  gate = 2                                 
  source = 4                               |  source = 135                             
  bulk = 135                               |  bulk = 135                               
                                           |                                           
Instance: psdiff:$4/buff_d8:$1/sg13_lv_pmo |Instance: psdiff:1/sg13_lv_pmos:6          
  drain = 135                              |  drain = 6                                
  gate = 6                                 |  gate = 2                                 
  source = 4                               |  source = 135                             
  bulk = 135                               |  bulk = 135                               
---------------------------------------------------------------------------------------

---------------------------------------------------------------------------------------
Instance: buff_d8:$15/sg13_lv_nmos:$1      |Instance: flywheel:13/inv_d2:14/inv:1[1]/s 
  drain = 132                              |  drain = 7                                
  gate = 2                                 |  gate = 7                                 
  source = 7                               |  source = 132                             
  bulk = 132                               |  bulk = 132                               
                                           |                                           
Instance: buff_d8:$15/inv_d8:$4/inv_d4:$1/ |Instance: flywheel:13/inv_d2:13/inv:1[1]/s 
  drain = 132                              |  drain = 7                                
  gate = 4                                 |  gate = 7                                 
  source = 7                               |  source = 132                             
  bulk = 132                               |  bulk = 132                               
                                           |                                           
Instance: buff_d8:$15/inv_d4:$3/inv_d2:$1/ |Instance: flywheel:17/inv_d2:14/inv:1[1]/s 
  drain = 132                              |  drain = 7                                
  gate = 4                                 |  gate = 7                                 
  source = 4                               |  source = 132                             
  bulk = 132                               |  bulk = 132                               
                                           |                                           
Instance: buff_d8:$15/inv_d2:$1/sg13_lv_nm |Instance: flywheel:17/inv_d2:13/inv:1[1]/s 
  drain = 132                              |  drain = 7                                
  gate = 7                                 |  gate = 7                                 
  source = 4                               |  source = 132                             
  bulk = 132                               |  bulk = 132                               
                                           |                                           
Instance: buff_d8:$14/sg13_lv_nmos:$1      |Instance: flywheel:19/inv_d2:14/inv:1[1]/s 
  drain = 132                              |  drain = 7                                
  gate = 2                                 |  gate = 7                                 
  source = 7                               |  source = 132                             
  bulk = 132                               |  bulk = 132                               
                                           |                                           
Instance: buff_d8:$14/inv_d8:$4/inv_d4:$1/ |Instance: flywheel:19/inv_d2:13/inv:1[1]/s 
  drain = 132                              |  drain = 7                                
  gate = 4                                 |  gate = 7                                 
  source = 7                               |  source = 132                             
  bulk = 132                               |  bulk = 132                               
                                           |                                           
Instance: buff_d8:$14/inv_d4:$3/inv_d2:$1/ |Instance: buff_d8:12/inv_d8:10/inv_d4:1[1] 
  drain = 132                              |  drain = 7                                
  gate = 4                                 |  gate = 4                                 
  source = 4                               |  source = 132                             
  bulk = 132                               |  bulk = 132                               
                                           |                                           
Instance: buff_d8:$14/inv_d2:$1/sg13_lv_nm |Instance: buff_d8:12/inv_d4:9/inv_d2:1[1]/ 
  drain = 132                              |  drain = 4                                
  gate = 7                                 |  gate = 4                                 
  source = 4                               |  source = 132                             
  bulk = 132                               |  bulk = 132                               
                                           |                                           
Instance: buff_d8:$13/sg13_lv_nmos:$1      |Instance: buff_d8:12/inv_d2:8/inv:1[1]/sg1 
  drain = 132                              |  drain = 4                                
  gate = 2                                 |  gate = 4                                 
  source = 7                               |  source = 132                             
  bulk = 132                               |  bulk = 132                               
                                           |                                           
Instance: buff_d8:$13/inv_d8:$4/inv_d4:$1/ |Instance: buff_d8:12/inv:7/sg13_lv_nmos:1  
  drain = 132                              |  drain = 4                                
  gate = 4                                 |  gate = 5                                 
  source = 7                               |  source = 132                             
  bulk = 132                               |  bulk = 132                               
                                           |                                           
Instance: buff_d8:$13/inv_d4:$3/inv_d2:$1/ |Instance: buff_d8:11/inv_d8:10/inv_d4:1[1] 
  drain = 132                              |  drain = 7                                
  gate = 4                                 |  gate = 4                                 
  source = 4                               |  source = 132                             
  bulk = 132                               |  bulk = 132                               
                                           |                                           
Instance: buff_d8:$13/inv_d2:$1/sg13_lv_nm |Instance: buff_d8:11/inv_d4:9/inv_d2:1[1]/ 
  drain = 132                              |  drain = 4                                
  gate = 7                                 |  gate = 4                                 
  source = 4                               |  source = 132                             
  bulk = 132                               |  bulk = 132                               
                                           |                                           
Instance: buff_d8:$12/sg13_lv_nmos:$1      |Instance: buff_d8:11/inv_d2:8/inv:1[1]/sg1 
  drain = 132                              |  drain = 4                                
  gate = 2                                 |  gate = 4                                 
  source = 4                               |  source = 132                             
  bulk = 132                               |  bulk = 132                               
                                           |                                           
Instance: buff_d8:$12/inv_d8:$4/inv_d4:$1/ |Instance: buff_d8:11/inv:7/sg13_lv_nmos:1  
  drain = 132                              |  drain = 4                                
  gate = 4                                 |  gate = 5                                 
  source = 7                               |  source = 132                             
  bulk = 132                               |  bulk = 132                               
                                           |                                           
Instance: buff_d8:$12/inv_d4:$3/inv_d2:$1/ |Instance: buff_d8:10/inv_d8:10/inv_d4:1[1] 
  drain = 132                              |  drain = 7                                
  gate = 4                                 |  gate = 4                                 
  source = 4                               |  source = 132                             
  bulk = 132                               |  bulk = 132                               
                                           |                                           
Instance: buff_d8:$12/inv_d2:$1/sg13_lv_nm |Instance: buff_d8:10/inv_d4:9/inv_d2:1[1]/ 
  drain = 132                              |  drain = 4                                
  gate = 4                                 |  gate = 4                                 
  source = 4                               |  source = 132                             
  bulk = 132                               |  bulk = 132                               
                                           |                                           
Instance: buff_d8:$9/sg13_lv_nmos:$1       |Instance: buff_d8:10/inv_d2:8/inv:1[1]/sg1 
  drain = 132                              |  drain = 4                                
  gate = 5                                 |  gate = 4                                 
  source = 4                               |  source = 132                             
  bulk = 132                               |  bulk = 132                               
                                           |                                           
Instance: buff_d8:$9/inv_d8:$4/inv_d4:$1/i |Instance: buff_d8:10/inv:7/sg13_lv_nmos:1  
  drain = 132                              |  drain = 4                                
  gate = 4                                 |  gate = 5                                 
  source = 7                               |  source = 132                             
  bulk = 132                               |  bulk = 132                               
                                           |                                           
Instance: buff_d8:$9/inv_d4:$3/inv_d2:$1/s |Instance: buff_d8:9/inv_d8:10/inv_d4:1[1]/ 
  drain = 132                              |  drain = 7                                
  gate = 4                                 |  gate = 4                                 
  source = 4                               |  source = 132                             
  bulk = 132                               |  bulk = 132                               
                                           |                                           
Instance: buff_d8:$9/inv_d2:$1/sg13_lv_nmo |Instance: buff_d8:9/inv_d4:9/inv_d2:1[1]/i 
  drain = 132                              |  drain = 4                                
  gate = 4                                 |  gate = 4                                 
  source = 4                               |  source = 132                             
  bulk = 132                               |  bulk = 132                               
                                           |                                           
Instance: buff_d8:$7/sg13_lv_nmos:$1       |Instance: buff_d8:9/inv_d2:8/inv:1[1]/sg13 
  drain = 132                              |  drain = 4                                
  gate = 2                                 |  gate = 4                                 
  source = 4                               |  source = 132                             
  bulk = 132                               |  bulk = 132                               
                                           |                                           
Instance: buff_d8:$7/inv_d8:$4/inv_d4:$1/i |Instance: buff_d8:9/inv:7/sg13_lv_nmos:1   
  drain = 132                              |  drain = 4                                
  gate = 4                                 |  gate = 5                                 
  source = 7                               |  source = 132                             
  bulk = 132                               |  bulk = 132                               
                                           |                                           
Instance: buff_d8:$7/inv_d4:$3/inv_d2:$1/s |Instance: buff_d8:8/inv_d8:10/inv_d4:1[1]/ 
  drain = 132                              |  drain = 7                                
  gate = 4                                 |  gate = 4                                 
  source = 4                               |  source = 132                             
  bulk = 132                               |  bulk = 132                               
                                           |                                           
Instance: buff_d8:$7/inv_d2:$1/sg13_lv_nmo |Instance: buff_d8:8/inv_d4:9/inv_d2:1[1]/i 
  drain = 132                              |  drain = 4                                
  gate = 4                                 |  gate = 4                                 
  source = 4                               |  source = 132                             
  bulk = 132                               |  bulk = 132                               
                                           |                                           
Instance: psdiff:$6/buff_d8:$4/inv_d8:$4/i |Instance: buff_d8:8/inv_d2:8/inv:1[1]/sg13 
  drain = 132                              |  drain = 4                                
  gate = 4                                 |  gate = 4                                 
  source = 3                               |  source = 132                             
  bulk = 132                               |  bulk = 132                               
                                           |                                           
Instance: psdiff:$6/buff_d8:$4/inv_d4:$3/i |Instance: buff_d8:8/inv:7/sg13_lv_nmos:1   
  drain = 132                              |  drain = 4                                
  gate = 4                                 |  gate = 5                                 
  source = 4                               |  source = 132                             
  bulk = 132                               |  bulk = 132                               
                                           |                                           
Instance: psdiff:$6/buff_d8:$4/inv_d2:$1/s |Instance: buff_d8:7/inv_d8:10/inv_d4:1[1]/ 
  drain = 132                              |  drain = 7                                
  gate = 4                                 |  gate = 4                                 
  source = 4                               |  source = 132                             
  bulk = 132                               |  bulk = 132                               
                                           |                                           
Instance: psdiff:$6/buff_d8:$1/inv_d8:$4/i |Instance: buff_d8:7/inv_d4:9/inv_d2:1[1]/i 
  drain = 132                              |  drain = 4                                
  gate = 4                                 |  gate = 4                                 
  source = 7                               |  source = 132                             
  bulk = 132                               |  bulk = 132                               
                                           |                                           
Instance: psdiff:$6/buff_d8:$1/inv_d4:$3/i |Instance: buff_d8:7/inv_d2:8/inv:1[1]/sg13 
  drain = 132                              |  drain = 4                                
  gate = 4                                 |  gate = 4                                 
  source = 4                               |  source = 132                             
  bulk = 132                               |  bulk = 132                               
                                           |                                           
Instance: psdiff:$6/buff_d8:$1/inv_d2:$1/s |Instance: buff_d8:7/inv:7/sg13_lv_nmos:1   
  drain = 132                              |  drain = 4                                
  gate = 4                                 |  gate = 5                                 
  source = 4                               |  source = 132                             
  bulk = 132                               |  bulk = 132                               
                                           |                                           
Instance: psdiff:$5/buff_d8:$4/inv_d8:$4/i |Instance: psdiff:3/buff_d8:2/inv_d8:10/inv 
  drain = 132                              |  drain = 5                                
  gate = 4                                 |  gate = 4                                 
  source = 5                               |  source = 132                             
  bulk = 132                               |  bulk = 132                               
                                           |                                           
Instance: psdiff:$5/buff_d8:$4/inv_d4:$3/i |Instance: psdiff:3/buff_d8:2/inv_d4:9/inv_ 
  drain = 132                              |  drain = 4                                
  gate = 4                                 |  gate = 4                                 
  source = 4                               |  source = 132                             
  bulk = 132                               |  bulk = 132                               
                                           |                                           
Instance: psdiff:$5/buff_d8:$4/inv_d2:$1/s |Instance: psdiff:3/buff_d8:2/inv_d2:8/inv: 
  drain = 132                              |  drain = 4                                
  gate = 4                                 |  gate = 4                                 
  source = 4                               |  source = 132                             
  bulk = 132                               |  bulk = 132                               
                                           |                                           
Instance: psdiff:$5/buff_d8:$1/inv_d8:$4/i |Instance: psdiff:3/buff_d8:1/inv_d8:10/inv 
  drain = 132                              |  drain = 5                                
  gate = 4                                 |  gate = 4                                 
  source = 7                               |  source = 132                             
  bulk = 132                               |  bulk = 132                               
                                           |                                           
Instance: psdiff:$5/buff_d8:$1/inv_d4:$3/i |Instance: psdiff:3/buff_d8:1/inv_d4:9/inv_ 
  drain = 132                              |  drain = 4                                
  gate = 4                                 |  gate = 4                                 
  source = 4                               |  source = 132                             
  bulk = 132                               |  bulk = 132                               
                                           |                                           
Instance: psdiff:$5/buff_d8:$1/inv_d2:$1/s |Instance: psdiff:3/buff_d8:1/inv_d2:8/inv: 
  drain = 132                              |  drain = 4                                
  gate = 4                                 |  gate = 4                                 
  source = 4                               |  source = 132                             
  bulk = 132                               |  bulk = 132                               
                                           |                                           
Instance: psdiff:$4/buff_d8:$4/inv_d8:$4/i |Instance: psdiff:2/buff_d8:2/inv_d8:10/inv 
  drain = 132                              |  drain = 5                                
  gate = 4                                 |  gate = 4                                 
  source = 3                               |  source = 132                             
  bulk = 132                               |  bulk = 132                               
                                           |                                           
Instance: psdiff:$4/buff_d8:$4/inv_d4:$3/i |Instance: psdiff:2/buff_d8:2/inv_d4:9/inv_ 
  drain = 132                              |  drain = 4                                
  gate = 4                                 |  gate = 4                                 
  source = 4                               |  source = 132                             
  bulk = 132                               |  bulk = 132                               
                                           |                                           
Instance: psdiff:$4/buff_d8:$4/inv_d2:$1/s |Instance: psdiff:2/buff_d8:2/inv_d2:8/inv: 
  drain = 132                              |  drain = 4                                
  gate = 4                                 |  gate = 4                                 
  source = 4                               |  source = 132                             
  bulk = 132                               |  bulk = 132                               
                                           |                                           
Instance: psdiff:$4/buff_d8:$1/inv_d8:$4/i |Instance: psdiff:2/buff_d8:1/inv_d8:10/inv 
  drain = 132                              |  drain = 5                                
  gate = 4                                 |  gate = 4                                 
  source = 7                               |  source = 132                             
  bulk = 132                               |  bulk = 132                               
                                           |                                           
Instance: psdiff:$4/buff_d8:$1/inv_d4:$3/i |Instance: psdiff:2/buff_d8:1/inv_d4:9/inv_ 
  drain = 132                              |  drain = 4                                
  gate = 4                                 |  gate = 4                                 
  source = 4                               |  source = 132                             
  bulk = 132                               |  bulk = 132                               
                                           |                                           
Instance: psdiff:$4/buff_d8:$1/inv_d2:$1/s |Instance: psdiff:2/buff_d8:1/inv_d2:8/inv: 
  drain = 132                              |  drain = 4                                
  gate = 4                                 |  gate = 4                                 
  source = 4                               |  source = 132                             
  bulk = 132                               |  bulk = 132                               
                                           |                                           
Instance: flywheel:$3/inv_d2:$2/sg13_lv_nm |Instance: psdiff:1/buff_d8:2/inv_d8:10/inv 
  drain = 132                              |  drain = 5                                
  gate = 7                                 |  gate = 4                                 
  source = 7                               |  source = 132                             
  bulk = 132                               |  bulk = 132                               
                                           |                                           
Instance: flywheel:$3/inv_d2:$1/sg13_lv_nm |Instance: psdiff:1/buff_d8:2/inv_d4:9/inv_ 
  drain = 132                              |  drain = 4                                
  gate = 7                                 |  gate = 4                                 
  source = 7                               |  source = 132                             
  bulk = 132                               |  bulk = 132                               
                                           |                                           
Instance: flywheel:$2/inv_d2:$2/sg13_lv_nm |Instance: psdiff:1/buff_d8:2/inv_d2:8/inv: 
  drain = 132                              |  drain = 4                                
  gate = 7                                 |  gate = 4                                 
  source = 7                               |  source = 132                             
  bulk = 132                               |  bulk = 132                               
                                           |                                           
Instance: flywheel:$2/inv_d2:$1/sg13_lv_nm |Instance: psdiff:1/buff_d8:1/inv_d8:10/inv 
  drain = 132                              |  drain = 5                                
  gate = 7                                 |  gate = 4                                 
  source = 7                               |  source = 132                             
  bulk = 132                               |  bulk = 132                               
                                           |                                           
Instance: flywheel:$1/inv_d2:$2/sg13_lv_nm |Instance: psdiff:1/buff_d8:1/inv_d4:9/inv_ 
  drain = 132                              |  drain = 4                                
  gate = 7                                 |  gate = 4                                 
  source = 7                               |  source = 132                             
  bulk = 132                               |  bulk = 132                               
                                           |                                           
Instance: flywheel:$1/inv_d2:$1/sg13_lv_nm |Instance: psdiff:1/buff_d8:1/inv_d2:8/inv: 
  drain = 132                              |  drain = 4                                
  gate = 7                                 |  gate = 4                                 
  source = 7                               |  source = 132                             
  bulk = 132                               |  bulk = 132                               
                                           |                                           
Instance: psdiff:$6/sg13_lv_nmos:$123      |Instance: psdiff:3/buff_d8:2/inv:7/sg13_lv 
  drain = 6                                |  drain = 4                                
  gate = 9                                 |  gate = 6                                 
  source = 2                               |  source = 132                             
  bulk = 132                               |  bulk = 132                               
                                           |                                           
Instance: psdiff:$6/sg13_lv_nmos:$121      |Instance: psdiff:3/buff_d8:1/inv:7/sg13_lv 
  drain = 6                                |  drain = 4                                
  gate = 9                                 |  gate = 6                                 
  source = 2                               |  source = 132                             
  bulk = 132                               |  bulk = 132                               
                                           |                                           
Instance: psdiff:$5/sg13_lv_nmos:$123      |Instance: psdiff:2/buff_d8:2/inv:7/sg13_lv 
  drain = 6                                |  drain = 4                                
  gate = 9                                 |  gate = 6                                 
  source = 2                               |  source = 132                             
  bulk = 132                               |  bulk = 132                               
                                           |                                           
Instance: psdiff:$5/sg13_lv_nmos:$121      |Instance: psdiff:2/buff_d8:1/inv:7/sg13_lv 
  drain = 6                                |  drain = 4                                
  gate = 9                                 |  gate = 6                                 
  source = 2                               |  source = 132                             
  bulk = 132                               |  bulk = 132                               
                                           |                                           
Instance: psdiff:$4/sg13_lv_nmos:$123      |Instance: psdiff:1/buff_d8:2/inv:7/sg13_lv 
  drain = 6                                |  drain = 4                                
  gate = 9                                 |  gate = 6                                 
  source = 2                               |  source = 132                             
  bulk = 132                               |  bulk = 132                               
                                           |                                           
Instance: psdiff:$4/sg13_lv_nmos:$121      |Instance: psdiff:1/buff_d8:1/inv:7/sg13_lv 
  drain = 6                                |  drain = 4                                
  gate = 9                                 |  gate = 6                                 
  source = 2                               |  source = 132                             
  bulk = 132                               |  bulk = 132                               
                                           |                                           
Instance: psdiff:$6/sg13_lv_nmos:$11       |Instance: psdiff:3/sg13_lv_nmos:4          
  drain = 132                              |  drain = 2                                
  gate = 7                                 |  gate = 9                                 
  source = 6                               |  source = 6                               
  bulk = 132                               |  bulk = 132                               
                                           |                                           
Instance: psdiff:$6/sg13_lv_nmos:$1        |Instance: psdiff:3/sg13_lv_nmos:3          
  drain = 132                              |  drain = 2                                
  gate = 3                                 |  gate = 9                                 
  source = 6                               |  source = 6                               
  bulk = 132                               |  bulk = 132                               
                                           |                                           
Instance: psdiff:$5/sg13_lv_nmos:$11       |Instance: psdiff:2/sg13_lv_nmos:4          
  drain = 132                              |  drain = 2                                
  gate = 7                                 |  gate = 9                                 
  source = 6                               |  source = 6                               
  bulk = 132                               |  bulk = 132                               
                                           |                                           
Instance: psdiff:$5/sg13_lv_nmos:$1        |Instance: psdiff:2/sg13_lv_nmos:3          
  drain = 132                              |  drain = 2                                
  gate = 3                                 |  gate = 9                                 
  source = 6                               |  source = 6                               
  bulk = 132                               |  bulk = 132                               
                                           |                                           
Instance: psdiff:$4/sg13_lv_nmos:$11       |Instance: psdiff:1/sg13_lv_nmos:4          
  drain = 132                              |  drain = 2                                
  gate = 7                                 |  gate = 9                                 
  source = 6                               |  source = 6                               
  bulk = 132                               |  bulk = 132                               
                                           |                                           
Instance: psdiff:$4/sg13_lv_nmos:$1        |Instance: psdiff:1/sg13_lv_nmos:3          
  drain = 132                              |  drain = 2                                
  gate = 5                                 |  gate = 9                                 
  source = 6                               |  source = 6                               
  bulk = 132                               |  bulk = 132                               
                                           |                                           
Instance: psdiff:$6/buff_d8:$4/sg13_lv_nmo |Instance: psdiff:3/sg13_lv_nmos:2          
  drain = 132                              |  drain = 6                                
  gate = 6                                 |  gate = 5                                 
  source = 4                               |  source = 132                             
  bulk = 132                               |  bulk = 132                               
                                           |                                           
Instance: psdiff:$6/buff_d8:$1/sg13_lv_nmo |Instance: psdiff:3/sg13_lv_nmos:1          
  drain = 132                              |  drain = 6                                
  gate = 6                                 |  gate = 5                                 
  source = 4                               |  source = 132                             
  bulk = 132                               |  bulk = 132                               
                                           |                                           
Instance: psdiff:$5/buff_d8:$4/sg13_lv_nmo |Instance: psdiff:2/sg13_lv_nmos:2          
  drain = 132                              |  drain = 6                                
  gate = 6                                 |  gate = 5                                 
  source = 4                               |  source = 132                             
  bulk = 132                               |  bulk = 132                               
                                           |                                           
Instance: psdiff:$5/buff_d8:$1/sg13_lv_nmo |Instance: psdiff:2/sg13_lv_nmos:1          
  drain = 132                              |  drain = 6                                
  gate = 6                                 |  gate = 5                                 
  source = 4                               |  source = 132                             
  bulk = 132                               |  bulk = 132                               
                                           |                                           
Instance: psdiff:$4/buff_d8:$4/sg13_lv_nmo |Instance: psdiff:1/sg13_lv_nmos:2          
  drain = 132                              |  drain = 6                                
  gate = 6                                 |  gate = 5                                 
  source = 4                               |  source = 132                             
  bulk = 132                               |  bulk = 132                               
                                           |                                           
Instance: psdiff:$4/buff_d8:$1/sg13_lv_nmo |Instance: psdiff:1/sg13_lv_nmos:1          
  drain = 132                              |  drain = 6                                
  gate = 6                                 |  gate = 5                                 
  source = 4                               |  source = 132                             
  bulk = 132                               |  bulk = 132                               
---------------------------------------------------------------------------------------
Netlists do not match.
Port matching may fail to disambiguate symmetries.

Subcircuit pins:
Circuit 1: 6ph_rosc                        |Circuit 2: 6ph_rosc                        
-------------------------------------------|-------------------------------------------
PH1                                        |PH0 **Mismatch**                           
PH0                                        |PH2 **Mismatch**                           
PH2                                        |PH1 **Mismatch**                           
PH4                                        |PH3 **Mismatch**                           
PH3                                        |PH5 **Mismatch**                           
PH5                                        |PH4 **Mismatch**                           
CTRL                                       |CTRL                                       
VDD                                        |VDD                                        
VSS                                        |VSS                                        
---------------------------------------------------------------------------------------
Cell pin lists for 6ph_rosc and 6ph_rosc altered to match.
Device classes 6ph_rosc and 6ph_rosc are equivalent.

Final result: Top level cell failed pin matching.

The following cells had property errors:
 decap
